id,create_id_in_set,create_id_in_where
6573,99785729,94504727
6572,99785729,94504727
6571,14215017,94504727
6570,4490687,94504727
6569,14215017,94504727
6568,19372995,94504727
6567,15790741,94504727
6566,15790741,94504727
6565,14215017,94504727
6564,15790741,94504727
6563,95651337,94504727
6562,14215017,94504727
6561,65326307,94504727
6560,65326307,94504727
6559,15790741,94504727
6558,15790741,94504727
6557,15790741,94504727
6556,15790741,94504727
6555,81180526,94504727
6554,65326307,94504727
6553,65326307,94504727
6552,65326307,94504727
6551,81180526,94504727
6550,15790741,94504727
6549,81180526,94504727
6548,81180526,94504727
6547,69232390,94504727
6546,69232390,94504727
6545,69232390,94504727
6544,15790741,94504727
6543,81180526,94504727
6542,65326307,94504727
6541,15790741,94504727
6540,65326307,94504727
6539,15790741,94504727
6538,81180526,94504727
6537,81180526,94504727
6536,15790741,94504727
6535,15790741,94504727
6534,15790741,94504727
6533,15790741,94504727
6532,81180526,94504727
6531,78788616,94504727
6530,78788616,94504727
6529,81180526,94504727
6528,65326307,94504727
6527,65326307,94504727
6526,81180526,94504727
6525,81180526,94504727
6524,15790741,94504727
6523,78788616,94504727
6522,78788616,94504727
6521,15790741,94504727
6520,78788616,94504727
6519,78788616,94504727
6518,15790741,94504727
6517,15790741,94504727
6516,15790741,94504727
6515,69232390,94504727
6514,15790741,94504727
6513,15790741,94504727
6512,65326307,94504727
6511,81180526,94504727
6510,81180526,94504727
6509,15790741,94504727
6508,81180526,94504727
6507,81180526,94504727
6506,78788616,94504727
6505,81180526,94504727
6504,81180526,94504727
6503,15790741,94504727
6502,78788616,94504727
6501,69232390,94504727
6500,69232390,94504727
6499,15790741,94504727
6498,15790741,94504727
6497,69232390,94504727
6496,65326307,94504727
6495,65326307,94504727
6494,81180526,94504727
6493,81180526,94504727
6492,81180526,94504727
6491,78788616,94504727
6490,78788616,94504727
6489,81180526,94504727
6488,81180526,94504727
6487,81180526,94504727
6486,65326307,94504727
6485,78788616,94504727
6484,78788616,94504727
6483,69232390,94504727
6482,69232390,94504727
6481,78788616,94504727
6480,78788616,94504727
6479,69232390,94504727
6478,69232390,94504727
6477,69232390,94504727
6476,69232390,94504727
6475,78788616,94504727
6474,78788616,94504727
6473,81180526,94504727
6472,81180526,94504727
6471,81180526,94504727
6470,15790741,94504727
6469,78788616,94504727
6468,69232390,94504727
6467,81180526,94504727
6466,69232390,94504727
6465,69232390,94504727
6464,69232390,94504727
6463,69232390,94504727
6462,81180526,94504727
6461,65326307,94504727
6460,81180526,94504727
6459,81180526,94504727
6458,78788616,94504727
6457,69232390,94504727
6456,15790741,94504727
6455,81180526,94504727
6454,15790741,94504727
6453,81180526,94504727
6452,69232390,94504727
6451,81180526,94504727
6450,81180526,94504727
6449,78788616,94504727
6448,69232390,94504727
6447,69232390,94504727
6446,69232390,94504727
6445,15790741,94504727
6444,78788616,94504727
6443,69232390,94504727
6442,69232390,94504727
6441,69232390,94504727
6440,81180526,94504727
6439,81180526,94504727
6438,69232390,94504727
6437,69232390,94504727
6436,69232390,94504727
6435,69232390,94504727
6434,69232390,94504727
6433,69232390,94504727
6432,69232390,94504727
6431,69232390,94504727
6430,69232390,94504727
6429,69232390,94504727
6428,69232390,94504727
6427,69232390,94504727
6426,69232390,94504727
6425,69232390,94504727
6424,69232390,94504727
6423,69232390,94504727
6422,69232390,94504727
6421,69232390,94504727
6420,69232390,94504727
6419,69232390,94504727
6418,69232390,94504727
6417,69232390,94504727
6416,69232390,94504727
6415,69232390,94504727
6414,69232390,94504727
6413,69232390,94504727
6412,69232390,94504727
6411,69232390,94504727
6410,69232390,94504727
6409,69232390,94504727
6408,81180526,94504727
6407,69232390,94504727
6406,69232390,94504727
6405,78788616,94504727
6404,81180526,94504727
6403,15790741,94504727
6402,69232390,94504727
6401,78788616,94504727
6400,69232390,94504727
6399,78788616,94504727
6398,78788616,94504727
6397,15790741,94504727
6396,15790741,94504727
6395,78788616,94504727
6394,15790741,94504727
6393,81180526,94504727
6392,69232390,94504727
6391,78788616,94504727
6390,69232390,94504727
6389,15790741,94504727
6388,81180526,94504727
6387,81180526,94504727
6386,81180526,94504727
6385,81180526,94504727
6384,15790741,94504727
6383,69232390,94504727
6382,15790741,94504727
6381,69232390,94504727
6380,81180526,94504727
6379,81180526,94504727
6378,78788616,94504727
6377,15790741,94504727
6376,15790741,94504727
6375,81180526,94504727
6374,81180526,94504727
6373,69232390,94504727
6372,15790741,94504727
6371,69232390,94504727
6370,15790741,94504727
6369,69232390,94504727
6368,69232390,94504727
6367,65326307,94504727
6366,81180526,94504727
6365,15790741,94504727
6364,81180526,94504727
6363,81180526,94504727
6362,69232390,94504727
6361,81180526,94504727
6360,81180526,94504727
6359,78788616,94504727
6358,69232390,94504727
6357,69232390,94504727
6356,81180526,94504727
6355,78788616,94504727
6354,15790741,94504727
6353,69232390,94504727
6352,69232390,94504727
6351,78788616,94504727
6350,69232390,94504727
6349,81180526,94504727
6348,81180526,94504727
6347,65326307,94504727
6346,69232390,94504727
6345,81180526,94504727
6344,78788616,94504727
6343,65326307,94504727
6342,65326307,94504727
6341,65326307,94504727
6340,81180526,94504727
6339,15790741,94504727
6338,78788616,94504727
6337,69232390,94504727
6336,69232390,94504727
6335,69232390,94504727
6334,81180526,94504727
6333,65326307,94504727
6332,69232390,94504727
6331,78788616,94504727
6330,78788616,94504727
6329,15790741,94504727
6328,81180526,94504727
6327,78788616,94504727
6326,15790741,94504727
6325,15790741,94504727
6324,65326307,94504727
6323,69232390,94504727
6322,15790741,94504727
6321,78788616,94504727
6320,69232390,94504727
6319,69232390,94504727
6318,15790741,94504727
6317,78788616,94504727
6316,78788616,94504727
6315,78788616,94504727
6314,69232390,94504727
6313,65326307,94504727
6312,15790741,94504727
6311,78788616,94504727
6310,69232390,94504727
6309,78788616,94504727
6308,78788616,94504727
6307,81180526,94504727
6306,81180526,94504727
6305,81180526,94504727
6304,78788616,94504727
6303,69232390,94504727
6302,69232390,94504727
6301,78788616,94504727
6300,15790741,94504727
6299,15790741,94504727
6298,81180526,94504727
6297,81180526,94504727
6296,78788616,94504727
6295,15790741,94504727
6294,78788616,94504727
6293,81180526,94504727
6292,65326307,94504727
6291,81180526,94504727
6290,81180526,94504727
6289,15790741,94504727
6288,69232390,94504727
6287,69232390,94504727
6286,15790741,94504727
6285,15790741,94504727
6284,15790741,94504727
6283,69232390,94504727
6282,69232390,94504727
6281,69232390,94504727
6280,15790741,94504727
6279,69232390,94504727
6278,78788616,94504727
6277,15790741,94504727
6276,81180526,94504727
6275,69232390,94504727
6274,15790741,94504727
6273,78788616,94504727
6272,15790741,94504727
6271,78788616,94504727
6270,15790741,94504727
6269,81180526,94504727
6268,81180526,94504727
6267,15790741,94504727
6266,15790741,94504727
6265,15790741,94504727
6264,81180526,94504727
6263,81180526,94504727
6262,69232390,94504727
6261,15790741,94504727
6260,69232390,94504727
6259,81180526,94504727
6258,15790741,94504727
6257,81180526,94504727
6256,15790741,94504727
6255,78788616,94504727
6254,78788616,94504727
6253,69232390,94504727
6252,81180526,94504727
6251,81180526,94504727
6250,69232390,94504727
6249,69232390,94504727
6248,81180526,94504727
6247,81180526,94504727
6246,69232390,94504727
6245,69232390,94504727
6244,69232390,94504727
6243,81180526,94504727
6242,69232390,94504727
6241,81180526,94504727
6240,78788616,94504727
6239,15790741,94504727
6238,15790741,94504727
6237,81180526,94504727
6236,65326307,94504727
6235,15790741,94504727
6234,78788616,94504727
6233,78788616,94504727
6232,78788616,94504727
6231,15790741,94504727
6230,81180526,94504727
6229,78788616,94504727
6228,15790741,94504727
6227,81180526,94504727
6226,78788616,94504727
6225,78788616,94504727
6224,69232390,94504727
6223,65326307,94504727
6222,81180526,94504727
6221,78788616,94504727
6220,15790741,94504727
6219,81180526,94504727
6218,15790741,94504727
6217,65326307,94504727
6216,69232390,94504727
6215,65326307,94504727
6214,15790741,94504727
6213,15790741,94504727
6212,15790741,94504727
6211,15790741,94504727
6210,15790741,94504727
6209,65326307,94504727
6208,15790741,94504727
6207,65326307,94504727
6206,65326307,94504727
6205,81180526,94504727
6204,81180526,94504727
6203,15790741,94504727
6202,15790741,94504727
6201,69232390,94504727
6200,15790741,94504727
6199,15790741,94504727
6198,69232390,94504727
6197,69232390,94504727
6196,78788616,94504727
6195,65326307,94504727
6194,81180526,94504727
6193,69232390,94504727
6192,15790741,94504727
6191,78788616,94504727
6190,15790741,94504727
6189,81180526,94504727
6188,69232390,94504727
6187,15790741,94504727
6186,69232390,94504727
6185,78788616,94504727
6184,15790741,94504727
6183,78788616,94504727
6182,69232390,94504727
6181,65326307,94504727
6180,15790741,94504727
6179,81180526,94504727
6178,81180526,94504727
6177,81180526,94504727
6176,15790741,94504727
6175,78788616,94504727
6174,15790741,94504727
6173,15790741,94504727
6172,78788616,94504727
6171,69232390,94504727
6170,69232390,94504727
6169,69232390,94504727
6168,69232390,94504727
6167,69232390,94504727
6166,15790741,94504727
6165,15790741,94504727
6164,81180526,94504727
6163,81180526,94504727
6162,81180526,94504727
6161,81180526,94504727
6160,69232390,94504727
6159,15790741,94504727
6158,78788616,94504727
6157,81180526,94504727
6156,78788616,94504727
6155,78788616,94504727
6154,78788616,94504727
6153,69232390,94504727
6152,15790741,94504727
6151,69232390,94504727
6150,69232390,94504727
6149,15790741,94504727
6148,15790741,94504727
6147,81180526,94504727
6146,78788616,94504727
6145,81180526,94504727
6144,15790741,94504727
6143,81180526,94504727
6142,81180526,94504727
6141,69232390,94504727
6140,15790741,94504727
6139,69232390,94504727
6138,15790741,94504727
6137,78788616,94504727
6136,78788616,94504727
6135,15790741,94504727
6134,65326307,94504727
6133,69232390,94504727
6132,15790741,94504727
6131,81180526,94504727
6130,69232390,94504727
6129,81180526,94504727
6128,78788616,94504727
6127,81180526,94504727
6126,69232390,94504727
6125,15790741,94504727
6124,15790741,94504727
6123,81180526,94504727
6122,15790741,94504727
6121,69232390,94504727
6120,15790741,94504727
6119,81180526,94504727
6118,78788616,94504727
6117,69232390,94504727
6116,69232390,94504727
6115,78788616,94504727
6114,81180526,94504727
6113,69232390,94504727
6112,78788616,94504727
6111,78788616,94504727
6110,78788616,94504727
6109,81180526,94504727
6108,81180526,94504727
6107,81180526,94504727
6106,81180526,94504727
6105,78788616,94504727
6104,69232390,94504727
6103,81180526,94504727
6102,78788616,94504727
6101,69232390,94504727
6100,78788616,94504727
6099,69232390,94504727
6098,69232390,94504727
6097,78788616,94504727
6096,69232390,94504727
6095,69232390,94504727
6094,69232390,94504727
6093,78788616,94504727
6092,69232390,94504727
6091,69232390,94504727
6090,69232390,94504727
6089,15790741,94504727
6088,15790741,94504727
6087,69232390,94504727
6086,15790741,94504727
6085,15790741,94504727
6084,81180526,94504727
6083,81180526,94504727
6082,15790741,94504727
6081,69232390,94504727
6080,78788616,94504727
6079,81180526,94504727
6078,15790741,94504727
6077,69232390,94504727
6076,69232390,94504727
6075,15790741,94504727
6074,15790741,94504727
6073,81180526,94504727
6072,65326307,94504727
6071,69232390,94504727
6070,15790741,94504727
6069,15790741,94504727
6068,69232390,94504727
6067,15790741,94504727
6066,69232390,94504727
6065,15790741,94504727
6064,69232390,94504727
6063,15790741,94504727
6062,15790741,94504727
6061,15790741,94504727
6060,81180526,94504727
6059,69232390,94504727
6058,15790741,94504727
6057,15790741,94504727
6056,69232390,94504727
6055,15790741,94504727
6054,69232390,94504727
6053,81180526,94504727
6052,81180526,94504727
6051,81180526,94504727
6050,69232390,94504727
6049,15790741,94504727
6048,15790741,94504727
6047,15790741,94504727
6046,15790741,94504727
6045,69232390,94504727
6044,69232390,94504727
6043,15790741,94504727
6042,78788616,94504727
6041,15790741,94504727
6040,69232390,94504727
6039,15790741,94504727
6038,15790741,94504727
6037,69232390,94504727
6036,15790741,94504727
6035,69232390,94504727
6034,81180526,94504727
6033,15790741,94504727
6032,69232390,94504727
6031,69232390,94504727
6030,69232390,94504727
6029,15790741,94504727
6028,81180526,94504727
6027,15790741,94504727
6026,69232390,94504727
6025,78788616,94504727
6024,15790741,94504727
6023,69232390,94504727
6022,69232390,94504727
6021,65326307,94504727
6020,15790741,94504727
6019,65326307,94504727
6018,69232390,94504727
6017,69232390,94504727
6016,15790741,94504727
6015,81180526,94504727
6014,81180526,94504727
6013,78788616,94504727
6012,15790741,94504727
6011,69232390,94504727
6010,81180526,94504727
6009,81180526,94504727
6008,69232390,94504727
6007,15790741,94504727
6006,15790741,94504727
6005,69232390,94504727
6004,69232390,94504727
6003,78788616,94504727
6002,81180526,94504727
6001,15790741,94504727
6000,69232390,94504727
5999,65326307,94504727
5998,69232390,94504727
5997,81180526,94504727
5996,81180526,94504727
5995,65326307,94504727
5994,69232390,94504727
5993,78788616,94504727
5992,15790741,94504727
5991,69232390,94504727
5990,69232390,94504727
5989,15790741,94504727
5988,15790741,94504727
5987,69232390,94504727
5986,78788616,94504727
5985,78788616,94504727
5984,78788616,94504727
5983,81180526,94504727
5982,78788616,94504727
5981,15790741,94504727
5980,69232390,94504727
5979,15790741,94504727
5978,81180526,94504727
5977,78788616,94504727
5976,15790741,94504727
5975,15790741,94504727
5974,81180526,94504727
5973,65326307,94504727
5972,15790741,94504727
5971,69232390,94504727
5970,78788616,94504727
5969,78788616,94504727
5968,15790741,94504727
5967,69232390,94504727
5966,69232390,94504727
5965,65326307,94504727
5964,15790741,94504727
5963,78788616,94504727
5962,15790741,94504727
5961,15790741,94504727
5960,15790741,94504727
5959,15790741,94504727
5958,69232390,94504727
5957,15790741,94504727
5956,81180526,94504727
5955,78788616,94504727
5954,69232390,94504727
5953,15790741,94504727
5952,65326307,94504727
5951,78788616,94504727
5950,78788616,94504727
5949,65326307,94504727
5948,15790741,94504727
5947,69232390,94504727
5946,15790741,94504727
5945,65326307,94504727
5944,81180526,94504727
5943,69232390,94504727
5942,81180526,94504727
5941,15790741,94504727
5940,69232390,94504727
5939,69232390,94504727
5938,15790741,94504727
5937,65326307,94504727
5936,69232390,94504727
5935,65326307,94504727
5934,65326307,94504727
5933,81180526,94504727
5932,65326307,94504727
5931,15790741,94504727
5930,65326307,94504727
5929,65326307,94504727
5928,15790741,94504727
5927,81180526,94504727
5926,69232390,94504727
5925,81180526,94504727
5924,69232390,94504727
5923,81180526,94504727
5922,69232390,94504727
5921,81180526,94504727
5920,69232390,94504727
5919,69232390,94504727
5918,81180526,94504727
5917,69232390,94504727
5916,15790741,94504727
5915,69232390,94504727
5914,15790741,94504727
5913,81180526,94504727
5912,78788616,94504727
5911,15790741,94504727
5910,81180526,94504727
5909,81180526,94504727
5908,78788616,94504727
5907,15790741,94504727
5906,15790741,94504727
5905,81180526,94504727
5904,65326307,94504727
5903,78788616,94504727
5902,69232390,94504727
5901,78788616,94504727
5900,69232390,94504727
5899,69232390,94504727
5898,81180526,94504727
5897,15790741,94504727
5896,94746638,94504727
5895,65326307,94504727
5894,69232390,94504727
5893,81180526,94504727
5892,94746638,94504727
5891,69232390,94504727
5890,81180526,94504727
5889,69232390,94504727
5888,94746638,94504727
5887,94746638,94504727
5886,81180526,94504727
5885,94746638,94504727
5884,69232390,94504727
5883,81180526,94504727
5882,94746638,94504727
5881,94746638,94504727
5880,94746638,94504727
5879,94746638,94504727
5878,94746638,94504727
5877,94746638,94504727
5876,15790741,94504727
5875,94746638,94504727
5874,94746638,94504727
5873,69232390,94504727
5872,15790741,94504727
5871,65326307,94504727
5870,94746638,94504727
5869,69232390,94504727
5868,94746638,94504727
5867,94746638,94504727
5866,69232390,94504727
5865,94746638,94504727
5864,78788616,94504727
5863,94746638,94504727
5862,81180526,94504727
5861,81180526,94504727
5860,81180526,94504727
5859,94746638,94504727
5858,94746638,94504727
5857,94746638,94504727
5856,94746638,94504727
5855,69232390,94504727
5854,81180526,94504727
5853,81180526,94504727
5852,81180526,94504727
5851,94746638,94504727
5850,69232390,94504727
5849,15790741,94504727
5848,15790741,94504727
5847,65326307,94504727
5846,81180526,94504727
5845,81180526,94504727
5844,15790741,94504727
5843,69232390,94504727
5842,81180526,94504727
5841,78788616,94504727
5840,78788616,94504727
5839,15790741,94504727
5838,94746638,94504727
5837,15790741,94504727
5836,78788616,94504727
5835,15790741,94504727
5834,81180526,94504727
5833,94746638,94504727
5832,15790741,94504727
5831,69232390,94504727
5830,69232390,94504727
5829,69232390,94504727
5828,15790741,94504727
5827,69232390,94504727
5826,69232390,94504727
5825,94746638,94504727
5824,15790741,94504727
5823,94746638,94504727
5822,78788616,94504727
5821,94746638,94504727
5820,69232390,94504727
5819,81180526,94504727
5818,15790741,94504727
5817,94746638,94504727
5816,69232390,94504727
5815,69232390,94504727
5814,81180526,94504727
5813,81180526,94504727
5812,81180526,94504727
5811,94746638,94504727
5810,78788616,94504727
5809,69232390,94504727
5808,69232390,94504727
5807,94746638,94504727
5806,15790741,94504727
5805,15790741,94504727
5804,78788616,94504727
5803,81180526,94504727
5802,94746638,94504727
5801,94746638,94504727
5800,15790741,94504727
5799,69232390,94504727
5798,69232390,94504727
5797,94746638,94504727
5796,81180526,94504727
5795,15790741,94504727
5794,69232390,94504727
5793,94746638,94504727
5792,94746638,94504727
5791,69232390,94504727
5790,94746638,94504727
5789,15790741,94504727
5788,15790741,94504727
5787,78788616,94504727
5786,81180526,94504727
5785,15790741,94504727
5784,15790741,94504727
5783,78788616,94504727
5782,94746638,94504727
5781,81180526,94504727
5780,94746638,94504727
5779,69232390,94504727
5778,94746638,94504727
5777,81180526,94504727
5776,94746638,94504727
5775,81180526,94504727
5774,94746638,94504727
5773,69232390,94504727
5772,69232390,94504727
5771,94746638,94504727
5770,15790741,94504727
5769,94746638,94504727
5768,15790741,94504727
5767,69232390,94504727
5766,94746638,94504727
5765,15790741,94504727
5764,81180526,94504727
5763,94746638,94504727
5762,94746638,94504727
5761,94746638,94504727
5760,15790741,94504727
5759,81180526,94504727
5758,81180526,94504727
5757,81180526,94504727
5756,69232390,94504727
5755,15790741,94504727
5754,69232390,94504727
5753,15790741,94504727
5752,15790741,94504727
5751,15790741,94504727
5750,94746638,94504727
5749,15790741,94504727
5748,94746638,94504727
5747,81180526,94504727
5746,69232390,94504727
5745,15790741,94504727
5744,94746638,94504727
5743,81180526,94504727
5742,65326307,94504727
5741,94746638,94504727
5740,15790741,94504727
5739,69232390,94504727
5738,94746638,94504727
5737,81180526,94504727
5736,65326307,94504727
5735,15790741,94504727
5734,81180526,94504727
5733,94746638,94504727
5732,15790741,94504727
5731,69232390,94504727
5730,81180526,94504727
5729,94746638,94504727
5728,78788616,94504727
5727,78788616,94504727
5726,78788616,94504727
5725,78788616,94504727
5724,15790741,94504727
5723,15790741,94504727
5722,81180526,94504727
5721,81180526,94504727
5720,69232390,94504727
5719,69232390,94504727
5718,94746638,94504727
5717,15790741,94504727
5716,94746638,94504727
5715,69232390,94504727
5714,69232390,94504727
5713,69232390,94504727
5712,94746638,94504727
5711,94746638,94504727
5710,65326307,94504727
5709,81180526,94504727
5708,81180526,94504727
5707,69232390,94504727
5706,81180526,94504727
5705,69232390,94504727
5704,4936986,94504727
5703,4936986,94504727
5702,4936986,94504727
5701,4936986,94504727
5700,4936986,94504727
5699,4936986,94504727
5698,4936986,94504727
5697,4936986,94504727
5696,4936986,94504727
5695,4936986,94504727
5694,4936986,94504727
5693,4936986,94504727
5692,4936986,94504727
5691,4936986,94504727
5690,4936986,94504727
5689,69232390,94504727
5688,15790741,94504727
5687,94746638,94504727
5686,4936986,94504727
5685,81180526,94504727
5684,94746638,94504727
5683,69232390,94504727
5682,69232390,94504727
5681,94746638,94504727
5680,69232390,94504727
5679,65326307,94504727
5678,15790741,94504727
5677,94746638,94504727
5676,69232390,94504727
5675,94746638,94504727
5674,94746638,94504727
5673,81180526,94504727
5672,81180526,94504727
5671,81180526,94504727
5670,94746638,94504727
5669,15790741,94504727
5668,94746638,94504727
5667,94746638,94504727
5666,4558808,94504727
5665,69232390,94504727
5664,94746638,94504727
5663,65326307,94504727
5662,81180526,94504727
5661,94746638,94504727
5660,94746638,94504727
5659,94746638,94504727
5658,69232390,94504727
5657,78788616,94504727
5656,78788616,94504727
5655,69232390,94504727
5654,94746638,94504727
5653,78788616,94504727
5652,94746638,94504727
5651,69232390,94504727
5650,15790741,94504727
5649,78788616,94504727
5648,81180526,94504727
5647,81180526,94504727
5646,4490687,94504727
5645,4490687,94504727
5644,4490687,94504727
5643,81180526,94504727
5642,94746638,94504727
5641,69232390,94504727
5640,81180526,94504727
5639,81180526,94504727
5638,81180526,94504727
5637,94746638,94504727
5636,65326307,94504727
5635,94746638,94504727
5634,81180526,94504727
5633,94746638,94504727
5632,69232390,94504727
5631,81180526,94504727
5630,15790741,94504727
5629,69232390,94504727
5628,4490687,94504727
5627,4490687,94504727
5626,4490687,94504727
5625,94746638,94504727
5624,94746638,94504727
5623,4490687,94504727
5622,15790741,94504727
5621,69232390,94504727
5620,15790741,94504727
5619,15790741,94504727
5618,94746638,94504727
5617,65326307,94504727
5616,69232390,94504727
5615,94746638,94504727
5614,94746638,94504727
5613,69232390,94504727
5612,15790741,94504727
5611,69232390,94504727
5610,15790741,94504727
5609,81180526,94504727
5608,94746638,94504727
5607,94746638,94504727
5606,81180526,94504727
5605,81180526,94504727
5604,69232390,94504727
5603,69232390,94504727
5602,81180526,94504727
5601,94746638,94504727
5600,15790741,94504727
5599,15790741,94504727
5598,94746638,94504727
5597,94746638,94504727
5596,94746638,94504727
5595,81180526,94504727
5594,81180526,94504727
5593,65326307,94504727
5592,81180526,94504727
5591,69232390,94504727
5590,94746638,94504727
5589,78788616,94504727
5588,94746638,94504727
5587,94746638,94504727
5586,94746638,94504727
5585,69232390,94504727
5584,94746638,94504727
5583,94746638,94504727
5582,94746638,94504727
5581,94746638,94504727
5580,78788616,94504727
5579,78788616,94504727
5578,69232390,94504727
5577,81180526,94504727
5576,69232390,94504727
5575,94746638,94504727
5574,69232390,94504727
5573,78788616,94504727
5572,81180526,94504727
5571,81180526,94504727
5570,94746638,94504727
5569,69232390,94504727
5568,4490687,94504727
5567,90968215,94504727
5566,94746638,94504727
5565,81180526,94504727
5564,81180526,94504727
5563,81180526,94504727
5562,78788616,94504727
5561,78788616,94504727
5560,65326307,94504727
5559,94746638,94504727
5558,94746638,94504727
5557,69232390,94504727
5556,69232390,94504727
5555,94746638,94504727
5554,15790741,94504727
5553,69232390,94504727
5552,69232390,94504727
5551,94746638,94504727
5550,15790741,94504727
5549,78788616,94504727
5548,78788616,94504727
5547,81180526,94504727
5546,15790741,94504727
5545,15790741,94504727
5544,94746638,94504727
5543,94746638,94504727
5542,94746638,94504727
5541,81180526,94504727
5540,94746638,94504727
5539,94746638,94504727
5538,65326307,94504727
5537,15790741,94504727
5536,69232390,94504727
5535,69232390,94504727
5534,69232390,94504727
5533,69232390,94504727
5532,94746638,94504727
5531,94746638,94504727
5530,94746638,94504727
5529,65326307,94504727
5528,94746638,94504727
5527,15790741,94504727
5526,94746638,94504727
5525,81180526,94504727
5524,81180526,94504727
5523,69232390,94504727
5522,81180526,94504727
5521,94746638,94504727
5520,94746638,94504727
5519,81180526,94504727
5518,69232390,94504727
5517,94746638,94504727
5516,81180526,94504727
5515,94746638,94504727
5514,81180526,94504727
5513,94746638,94504727
5512,15790741,94504727
5511,78788616,94504727
5510,94746638,94504727
5509,94746638,94504727
5508,15790741,94504727
5507,69232390,94504727
5506,15790741,94504727
5505,15790741,94504727
5504,94746638,94504727
5503,94746638,94504727
5502,94746638,94504727
5501,94746638,94504727
5500,69232390,94504727
5499,94746638,94504727
5498,78788616,94504727
5497,94746638,94504727
5496,81180526,94504727
5495,15790741,94504727
5494,15790741,94504727
5493,94746638,94504727
5492,78788616,94504727
5491,94746638,94504727
5490,78788616,94504727
5489,78788616,94504727
5488,94746638,94504727
5487,69232390,94504727
5486,69232390,94504727
5485,81180526,94504727
5484,94746638,94504727
5483,94746638,94504727
5482,15790741,94504727
5481,15790741,94504727
5480,81180526,94504727
5479,81180526,94504727
5478,81180526,94504727
5477,81180526,94504727
5476,81180526,94504727
5475,81180526,94504727
5474,81180526,94504727
5473,15790741,94504727
5472,15790741,94504727
5471,15790741,94504727
5470,81180526,94504727
5469,81180526,94504727
5468,69232390,94504727
5467,69232390,94504727
5466,94746638,94504727
5465,94746638,94504727
5464,94746638,94504727
5463,69232390,94504727
5462,69232390,94504727
5461,15790741,94504727
5460,78788616,94504727
5459,94746638,94504727
5458,81180526,94504727
5457,81180526,94504727
5456,94746638,94504727
5455,81180526,94504727
5454,65326307,94504727
5453,94746638,94504727
5452,15790741,94504727
5451,81180526,94504727
5450,69232390,94504727
5449,69232390,94504727
5448,69232390,94504727
5447,15790741,94504727
5446,69232390,94504727
5445,69232390,94504727
5444,69232390,94504727
5443,69232390,94504727
5442,81180526,94504727
5441,15790741,94504727
5440,78788616,94504727
5439,69232390,94504727
5438,94746638,94504727
5437,69232390,94504727
5436,15790741,94504727
5435,65326307,94504727
5434,81180526,94504727
5433,81180526,94504727
5432,78788616,94504727
5431,69232390,94504727
5430,69232390,94504727
5429,94746638,94504727
5428,94746638,94504727
5427,81180526,94504727
5426,81180526,94504727
5425,94746638,94504727
5424,94746638,94504727
5423,94746638,94504727
5422,94746638,94504727
5421,69232390,94504727
5420,69232390,94504727
5419,15790741,94504727
5418,81180526,94504727
5417,78788616,94504727
5416,65326307,94504727
5415,15790741,94504727
5414,15790741,94504727
5413,94746638,94504727
5412,94746638,94504727
5411,69232390,94504727
5410,94746638,94504727
5409,69232390,94504727
5408,94746638,94504727
5407,69232390,94504727
5406,69232390,94504727
5405,4490687,94504727
5404,69232390,94504727
5403,15790741,94504727
5402,81180526,94504727
5401,81180526,94504727
5400,94746638,94504727
5399,15790741,94504727
5398,15790741,94504727
5397,69232390,94504727
5396,78788616,94504727
5395,94746638,94504727
5394,81180526,94504727
5393,15790741,94504727
5392,15790741,94504727
5391,78788616,94504727
5390,69232390,94504727
5389,81180526,94504727
5388,94746638,94504727
5387,94746638,94504727
5386,81180526,94504727
5385,81180526,94504727
5384,15790741,94504727
5383,78788616,94504727
5382,78788616,94504727
5381,78788616,94504727
5380,78788616,94504727
5379,94746638,94504727
5378,94746638,94504727
5377,81180526,94504727
5376,94746638,94504727
5375,94746638,94504727
5374,94746638,94504727
5373,94746638,94504727
5372,15790741,94504727
5371,65326307,94504727
5370,15790741,94504727
5369,81180526,94504727
5368,81180526,94504727
5367,94746638,94504727
5366,65326307,94504727
5365,81180526,94504727
5364,69232390,94504727
5363,94746638,94504727
5362,94746638,94504727
5361,81180526,94504727
5360,15790741,94504727
5359,15790741,94504727
5358,69232390,94504727
5357,78788616,94504727
5356,81180526,94504727
5355,81180526,94504727
5354,94746638,94504727
5353,94746638,94504727
5352,94746638,94504727
5351,69232390,94504727
5350,94746638,94504727
5349,65326307,94504727
5348,69232390,94504727
5347,69232390,94504727
5346,69232390,94504727
5345,69232390,94504727
5344,15790741,94504727
5343,94746638,94504727
5342,15790741,94504727
5341,15790741,94504727
5340,94746638,94504727
5339,15790741,94504727
5338,78788616,94504727
5337,94746638,94504727
5336,69232390,94504727
5335,78788616,94504727
5334,81180526,94504727
5333,81180526,94504727
5332,65326307,94504727
5331,69232390,94504727
5330,81180526,94504727
5329,81180526,94504727
5328,15790741,94504727
5327,94746638,94504727
5326,78788616,94504727
5325,81180526,94504727
5324,81180526,94504727
5323,81180526,94504727
5322,69232390,94504727
5321,69232390,94504727
5320,69232390,94504727
5319,15790741,94504727
5318,81180526,94504727
5317,15790741,94504727
5316,69232390,94504727
5315,81180526,94504727
5314,78788616,94504727
5313,78788616,94504727
5312,15790741,94504727
5311,81180526,94504727
5310,15790741,94504727
5309,15790741,94504727
5308,15790741,94504727
5307,15790741,94504727
5306,94746638,94504727
5305,81180526,94504727
5304,81180526,94504727
5303,78788616,94504727
5302,94746638,94504727
5301,94746638,94504727
5300,65326307,94504727
5299,81180526,94504727
5298,81180526,94504727
5297,94746638,94504727
5296,15790741,94504727
5295,81180526,94504727
5294,94746638,94504727
5293,94746638,94504727
5292,94746638,94504727
5291,81180526,94504727
5290,81180526,94504727
5289,4490687,94504727
5288,94746638,94504727
5287,69232390,94504727
5286,94746638,94504727
5285,69232390,94504727
5284,81180526,94504727
5283,15790741,94504727
5282,94746638,94504727
5281,78788616,94504727
5280,65326307,94504727
5279,94746638,94504727
5278,94746638,94504727
5277,81180526,94504727
5276,15790741,94504727
5275,81180526,94504727
5274,81180526,94504727
5273,4936986,94504727
5272,4936986,94504727
5271,4936986,94504727
5270,4936986,94504727
5269,94746638,94504727
5268,15790741,94504727
5267,65326307,94504727
5266,81180526,94504727
5265,15790741,94504727
5264,94746638,94504727
5263,94746638,94504727
5262,94746638,94504727
5261,94746638,94504727
5260,4936986,94504727
5259,4936986,94504727
5258,4936986,94504727
5257,4936986,94504727
5256,4936986,94504727
5255,4936986,94504727
5254,4936986,94504727
5253,4936986,94504727
5252,4936986,94504727
5251,4936986,94504727
5250,69232390,94504727
5245,78788616,94504727
5244,4936986,94504727
5243,81180526,94504727
5242,4936986,94504727
5241,4936986,94504727
5240,4936986,94504727
5239,4936986,94504727
5238,4936986,94504727
5237,4936986,94504727
5236,4936986,94504727
5235,4936986,94504727
5234,4936986,94504727
5233,4936986,94504727
5232,4936986,94504727
5231,4936986,94504727
5230,4936986,94504727
5229,4936986,94504727
5228,4936986,94504727
5227,4936986,94504727
5226,4936986,94504727
5225,4936986,94504727
5224,4936986,94504727
5223,4936986,94504727
5222,4936986,94504727
5221,4936986,94504727
5220,4936986,94504727
5217,4936986,94504727
5216,4936986,94504727
5215,4936986,94504727
5214,4936986,94504727
5213,4936986,94504727
5212,4936986,94504727
5211,4936986,94504727
5210,4936986,94504727
5209,4936986,94504727
5208,4936986,94504727
5207,81180526,94504727
5206,4936986,94504727
5205,4936986,94504727
5204,69232390,94504727
5203,4936986,94504727
5202,4936986,94504727
5201,4936986,94504727
5200,4936986,94504727
5199,4936986,94504727
5197,78788616,94504727
5196,4936986,94504727
5195,4936986,94504727
5194,81180526,94504727
5193,81180526,94504727
5192,4936986,94504727
5191,4936986,94504727
5188,4936986,94504727
5186,81180526,94504727
5185,94746638,94504727
5184,81180526,94504727
5183,78788616,94504727
5182,94746638,94504727
5181,69232390,94504727
5180,69232390,94504727
5179,94746638,94504727
5178,81180526,94504727
5177,81180526,94504727
5176,15790741,94504727
5175,81180526,94504727
5174,15790741,94504727
5173,4936986,94504727
5172,69232390,94504727
5171,83948429,94504727
5170,83948429,94504727
5169,15790741,94504727
5168,65326307,94504727
5167,81180526,94504727
5166,65326307,94504727
5165,15790741,94504727
5164,4490687,94504727
5163,81180526,94504727
5162,4936986,94504727
5161,15790741,94504727
5160,81180526,94504727
5159,94746638,94504727
5158,15790741,94504727
5157,4490687,94504727
5156,78788616,94504727
5155,15790741,94504727
5154,81180526,94504727
5153,15790741,94504727
5152,69232390,94504727
5151,15790741,94504727
5150,6999308,94504727
5149,15790741,94504727
5148,6999308,94504727
5147,6999308,94504727
5146,6999308,94504727
5145,69232390,94504727
5144,15790741,94504727
5143,81180526,94504727
5142,94746638,94504727
5141,15790741,94504727
5140,69232390,94504727
5139,69232390,94504727
5138,69232390,94504727
5137,94746638,94504727
5136,15790741,94504727
5135,15790741,94504727
5134,94746638,94504727
5133,81180526,94504727
5132,81180526,94504727
5131,78788616,94504727
5130,15790741,94504727
5129,94746638,94504727
5128,94746638,94504727
5127,81180526,94504727
5126,65326307,94504727
5125,94746638,94504727
5124,81180526,94504727
5123,85581498,94504727
5122,78788616,94504727
5121,81180526,94504727
5120,94746638,94504727
5119,81180526,94504727
5118,85581498,94504727
5117,94746638,94504727
5116,81180526,94504727
5115,81180526,94504727
5114,94746638,94504727
5113,94746638,94504727
5112,65326307,94504727
5111,81180526,94504727
5110,94746638,94504727
5109,69232390,94504727
5108,15790741,94504727
5107,69232390,94504727
5106,81180526,94504727
5105,15790741,94504727
5104,15790741,94504727
5103,15790741,94504727
5102,81180526,94504727
5101,15790741,94504727
5100,81180526,94504727
5099,94746638,94504727
5098,78788616,94504727
5097,69232390,94504727
5096,78788616,94504727
5095,69232390,94504727
5094,94746638,94504727
5093,94746638,94504727
5092,81180526,94504727
5091,15790741,94504727
5090,15790741,94504727
5089,69232390,94504727
5088,94746638,94504727
5087,94746638,94504727
5086,94746638,94504727
5085,15790741,94504727
5084,69232390,94504727
5083,94746638,94504727
5082,69232390,94504727
5081,69232390,94504727
5080,94746638,94504727
5079,94746638,94504727
5078,69232390,94504727
5077,81180526,94504727
5076,69232390,94504727
5075,69232390,94504727
5074,94746638,94504727
5073,69232390,94504727
5072,15790741,94504727
5071,94746638,94504727
5070,69232390,94504727
5069,69232390,94504727
5068,94746638,94504727
5067,69232390,94504727
5066,15790741,94504727
5065,81180526,94504727
5064,15790741,94504727
5063,15790741,94504727
5062,78788616,94504727
5061,4490687,94504727
5060,65326307,94504727
5059,69232390,94504727
5058,69232390,94504727
5057,94746638,94504727
5056,15790741,94504727
5055,94746638,94504727
5054,94746638,94504727
5053,65326307,94504727
5052,69232390,94504727
5051,81180526,94504727
5050,81180526,94504727
5049,69232390,94504727
5048,15790741,94504727
5047,94746638,94504727
5046,69232390,94504727
5045,15790741,94504727
5044,94746638,94504727
5043,15790741,94504727
5042,78788616,94504727
5041,15790741,94504727
5040,69232390,94504727
5039,94746638,94504727
5038,15790741,94504727
5037,69232390,94504727
5036,94746638,94504727
5035,94746638,94504727
5034,69232390,94504727
5033,94746638,94504727
5032,94746638,94504727
5031,94746638,94504727
5030,81180526,94504727
5029,15790741,94504727
5028,15790741,94504727
5027,78788616,94504727
5026,94746638,94504727
5025,15790741,94504727
5024,65326307,94504727
5023,65326307,94504727
5022,81180526,94504727
5021,81180526,94504727
5020,15790741,94504727
5019,15790741,94504727
5018,81180526,94504727
5017,81180526,94504727
5016,15790741,94504727
5015,15790741,94504727
5014,15790741,94504727
5013,81180526,94504727
5012,69232390,94504727
5011,94746638,94504727
5010,81180526,94504727
5009,81180526,94504727
5008,69232390,94504727
5007,65326307,94504727
5006,65326307,94504727
5005,15790741,94504727
5004,78788616,94504727
5003,78788616,94504727
5002,69232390,94504727
5001,94746638,94504727
5000,69232390,94504727
4999,69232390,94504727
4998,94746638,94504727
4997,69232390,94504727
4996,69232390,94504727
4995,15790741,94504727
4994,15790741,94504727
4993,69232390,94504727
4992,69232390,94504727
4991,69232390,94504727
4990,94746638,94504727
4989,69232390,94504727
4988,94746638,94504727
4987,81180526,94504727
4986,81180526,94504727
4985,69232390,94504727
4984,15790741,94504727
4983,15790741,94504727
4982,69232390,94504727
4981,94746638,94504727
4980,15790741,94504727
4979,81180526,94504727
4978,94746638,94504727
4977,81180526,94504727
4976,94746638,94504727
4975,69232390,94504727
4974,81180526,94504727
4973,94746638,94504727
4972,78788616,94504727
4971,69232390,94504727
4970,81180526,94504727
4969,69232390,94504727
4968,69232390,94504727
4967,94746638,94504727
4966,69232390,94504727
4965,15790741,94504727
4964,65326307,94504727
4963,94746638,94504727
4962,69232390,94504727
4961,81180526,94504727
4960,69232390,94504727
4959,94746638,94504727
4958,81180526,94504727
4957,69232390,94504727
4956,94746638,94504727
4955,81180526,94504727
4954,69232390,94504727
4953,94746638,94504727
4952,65326307,94504727
4951,69232390,94504727
4950,65326307,94504727
4949,94746638,94504727
4948,15790741,94504727
4947,69232390,94504727
4946,94746638,94504727
4945,15790741,94504727
4944,69232390,94504727
4943,94746638,94504727
4942,15790741,94504727
4941,15790741,94504727
4940,78788616,94504727
4939,69232390,94504727
4938,94746638,94504727
4937,94746638,94504727
4936,94746638,94504727
4935,78788616,94504727
4934,81180526,94504727
4933,15790741,94504727
4932,69232390,94504727
4931,81180526,94504727
4930,94746638,94504727
4929,81180526,94504727
4928,69232390,94504727
4927,69232390,94504727
4926,81180526,94504727
4925,69232390,94504727
4924,94746638,94504727
4923,69232390,94504727
4922,78788616,94504727
4921,69232390,94504727
4920,15790741,94504727
4919,81180526,94504727
4918,81180526,94504727
4917,15790741,94504727
4916,94746638,94504727
4915,78788616,94504727
4914,15790741,94504727
4913,15790741,94504727
4912,69232390,94504727
4911,78788616,94504727
4910,69232390,94504727
4909,78788616,94504727
4908,15790741,94504727
4907,78788616,94504727
4906,94746638,94504727
4905,69232390,94504727
4904,94746638,94504727
4903,69232390,94504727
4902,81180526,94504727
4901,78788616,94504727
4900,69232390,94504727
4899,65326307,94504727
4898,69232390,94504727
4897,94746638,94504727
4896,78788616,94504727
4895,94746638,94504727
4894,69232390,94504727
4893,78788616,94504727
4892,94746638,94504727
4891,69232390,94504727
4890,81180526,94504727
4889,15790741,94504727
4888,15790741,94504727
4887,69232390,94504727
4886,69232390,94504727
4885,69232390,94504727
4884,94746638,94504727
4883,69232390,94504727
4882,78788616,94504727
4881,94746638,94504727
4880,78788616,94504727
4879,78788616,94504727
4878,94746638,94504727
4877,61161747,94504727
4876,81180526,94504727
4875,65326307,94504727
4874,61161747,94504727
4873,15790741,94504727
4872,81180526,94504727
4871,15790741,94504727
4870,69232390,94504727
4869,81180526,94504727
4868,15790741,94504727
4867,15790741,94504727
4866,69232390,94504727
4865,69232390,94504727
4864,69232390,94504727
4863,81180526,94504727
4862,81180526,94504727
4861,15790741,94504727
4860,65326307,94504727
4859,15790741,94504727
4858,69232390,94504727
4857,61161747,94504727
4856,81180526,94504727
4855,81180526,94504727
4854,81180526,94504727
4853,94746638,94504727
4852,65326307,94504727
4851,69232390,94504727
4850,81180526,94504727
4849,81180526,94504727
4848,78788616,94504727
4847,81180526,94504727
4846,81180526,94504727
4845,78788616,94504727
4844,94746638,94504727
4843,78788616,94504727
4842,94746638,94504727
4841,94746638,94504727
4840,65326307,94504727
4839,94746638,94504727
4838,81180526,94504727
4837,94746638,94504727
4836,94746638,94504727
4835,78788616,94504727
4834,69232390,94504727
4833,94746638,94504727
4832,61161747,94504727
4831,94746638,94504727
4830,94746638,94504727
4829,15790741,94504727
4828,15790741,94504727
4827,69232390,94504727
4826,78788616,94504727
4825,78788616,94504727
4824,94746638,94504727
4823,94746638,94504727
4822,15790741,94504727
4821,15790741,94504727
4820,15790741,94504727
4819,78788616,94504727
4818,15790741,94504727
4817,81180526,94504727
4816,15790741,94504727
4815,15790741,94504727
4814,81180526,94504727
4813,61161747,94504727
4812,15790741,94504727
4811,94746638,94504727
4810,69232390,94504727
4809,81180526,94504727
4808,81180526,94504727
4807,15790741,94504727
4806,61161747,94504727
4805,69232390,94504727
4804,94746638,94504727
4803,69232390,94504727
4802,15790741,94504727
4801,15790741,94504727
4800,78788616,94504727
4799,94746638,94504727
4798,69232390,94504727
4797,15790741,94504727
4796,61161747,94504727
4795,61161747,94504727
4794,15790741,94504727
4793,69232390,94504727
4792,94746638,94504727
4791,94746638,94504727
4790,69232390,94504727
4789,15790741,94504727
4788,15790741,94504727
4787,15790741,94504727
4786,78788616,94504727
4785,15790741,94504727
4784,15790741,94504727
4783,61161747,94504727
4782,94746638,94504727
4781,15790741,94504727
4780,61161747,94504727
4779,94746638,94504727
4778,61161747,94504727
4777,69232390,94504727
4776,15790741,94504727
4775,78788616,94504727
4774,15790741,94504727
4773,15790741,94504727
4772,69232390,94504727
4771,94746638,94504727
4770,78788616,94504727
4769,15790741,94504727
4768,15790741,94504727
4767,15790741,94504727
4766,15790741,94504727
4765,94746638,94504727
4764,61161747,94504727
4763,15790741,94504727
4762,94746638,94504727
4761,94746638,94504727
4760,15790741,94504727
4759,65326307,94504727
4758,61161747,94504727
4757,65326307,94504727
4756,81180526,94504727
4755,15790741,94504727
4754,94746638,94504727
4753,69232390,94504727
4752,69232390,94504727
4751,61161747,94504727
4750,94746638,94504727
4749,15790741,94504727
4748,81180526,94504727
4747,78788616,94504727
4746,15790741,94504727
4745,81180526,94504727
4744,61161747,94504727
4743,94746638,94504727
4742,69232390,94504727
4741,15790741,94504727
4740,61161747,94504727
4739,15790741,94504727
4738,94746638,94504727
4737,81180526,94504727
4736,61161747,94504727
4735,15790741,94504727
4734,15790741,94504727
4733,61161747,94504727
4732,81180526,94504727
4731,94746638,94504727
4730,61161747,94504727
4729,69232390,94504727
4728,94746638,94504727
4727,69232390,94504727
4726,15790741,94504727
4725,15790741,94504727
4724,15790741,94504727
4723,94746638,94504727
4722,81180526,94504727
4721,61161747,94504727
4720,61161747,94504727
4719,94746638,94504727
4718,61161747,94504727
4717,94746638,94504727
4716,94746638,94504727
4715,94746638,94504727
4714,94746638,94504727
4713,81180526,94504727
4712,81180526,94504727
4711,81180526,94504727
4710,15790741,94504727
4709,69232390,94504727
4708,15790741,94504727
4707,94746638,94504727
4706,15790741,94504727
4705,15790741,94504727
4704,15790741,94504727
4703,69232390,94504727
4702,94746638,94504727
4701,15790741,94504727
4700,15790741,94504727
4699,69232390,94504727
4698,15790741,94504727
4697,15790741,94504727
4696,15790741,94504727
4695,94746638,94504727
4694,15790741,94504727
4693,94746638,94504727
4692,15790741,94504727
4691,15790741,94504727
4690,69232390,94504727
4689,69232390,94504727
4688,81180526,94504727
4687,81180526,94504727
4686,94746638,94504727
4685,69232390,94504727
4684,61161747,94504727
4683,94746638,94504727
4682,15790741,94504727
4681,94746638,94504727
4680,15790741,94504727
4679,61161747,94504727
4678,15790741,94504727
4677,94746638,94504727
4676,94746638,94504727
4675,61161747,94504727
4674,15790741,94504727
4673,81180526,94504727
4672,61161747,94504727
4671,81180526,94504727
4670,81180526,94504727
4669,65326307,94504727
4668,61161747,94504727
4667,81180526,94504727
4666,78788616,94504727
4665,69232390,94504727
4664,69232390,94504727
4663,61161747,94504727
4662,65326307,94504727
4661,15790741,94504727
4660,15790741,94504727
4659,61161747,94504727
4658,78788616,94504727
4657,15790741,94504727
4656,15790741,94504727
4655,61161747,94504727
4654,4490687,94504727
4653,4490687,94504727
4652,78788616,94504727
4651,69232390,94504727
4650,4490687,94504727
4649,78788616,94504727
4648,61161747,94504727
4647,69232390,94504727
4646,15790741,94504727
4645,15790741,94504727
4644,61161747,94504727
4643,81180526,94504727
4642,81180526,94504727
4641,61161747,94504727
4640,4490687,94504727
4639,15790741,94504727
4638,15790741,94504727
4637,61161747,94504727
4636,15790741,94504727
4635,15790741,94504727
4634,15790741,94504727
4633,69232390,94504727
4632,61161747,94504727
4631,94746638,94504727
4630,65326307,94504727
4629,65326307,94504727
4628,94746638,94504727
4627,65326307,94504727
4626,61161747,94504727
4625,61161747,94504727
4624,81180526,94504727
4623,81180526,94504727
4622,81180526,94504727
4621,81180526,94504727
4620,94746638,94504727
4619,4490687,94504727
4618,61161747,94504727
4617,15790741,94504727
4616,69232390,94504727
4615,94746638,94504727
4614,61161747,94504727
4613,94746638,94504727
4612,69232390,94504727
4611,61161747,94504727
4610,81180526,94504727
4609,15790741,94504727
4608,81180526,94504727
4607,94746638,94504727
4606,94746638,94504727
4605,94746638,94504727
4604,61161747,94504727
4603,94746638,94504727
4602,61161747,94504727
4601,78788616,94504727
4600,94746638,94504727
4599,61161747,94504727
4598,81180526,94504727
4597,81180526,94504727
4596,81180526,94504727
4595,69232390,94504727
4594,15790741,94504727
4593,94746638,94504727
4592,61161747,94504727
4591,15790741,94504727
4590,78788616,94504727
4589,69232390,94504727
4588,81180526,94504727
4587,61161747,94504727
4586,81180526,94504727
4585,94746638,94504727
4584,69232390,94504727
4583,94746638,94504727
4582,94746638,94504727
4581,15790741,94504727
4580,81180526,94504727
4579,65326307,94504727
4578,61161747,94504727
4577,15790741,94504727
4576,15790741,94504727
4575,81180526,94504727
4574,94746638,94504727
4573,15790741,94504727
4572,69232390,94504727
4571,69232390,94504727
4570,69232390,94504727
4569,15790741,94504727
4568,15790741,94504727
4567,81180526,94504727
4566,15790741,94504727
4565,15790741,94504727
4564,94746638,94504727
4563,78788616,94504727
4562,94746638,94504727
4561,81180526,94504727
4560,15790741,94504727
4559,15790741,94504727
4558,15790741,94504727
4557,94746638,94504727
4556,61161747,94504727
4555,69232390,94504727
4554,69232390,94504727
4553,78788616,94504727
4552,61161747,94504727
4551,15790741,94504727
4550,15790741,94504727
4549,61161747,94504727
4548,81180526,94504727
4547,81180526,94504727
4546,4490687,94504727
4545,4490687,94504727
4544,4490687,94504727
4543,15790741,94504727
4542,4490687,94504727
4541,4490687,94504727
4540,15790741,94504727
4539,15790741,94504727
4538,78788616,94504727
4537,69232390,94504727
4536,61161747,94504727
4535,15790741,94504727
4534,78788616,94504727
4533,15790741,94504727
4532,65326307,94504727
4531,15790741,94504727
4530,61161747,94504727
4529,69232390,94504727
4528,69232390,94504727
4527,15790741,94504727
4526,15790741,94504727
4525,94746638,94504727
4524,81180526,94504727
4523,81180526,94504727
4522,15790741,94504727
4521,15790741,94504727
4520,15790741,94504727
4519,15790741,94504727
4518,94746638,94504727
4517,69232390,94504727
4516,15790741,94504727
4515,15790741,94504727
4514,94746638,94504727
4513,81180526,94504727
4512,69232390,94504727
4511,15790741,94504727
4510,69232390,94504727
4509,69232390,94504727
4508,65326307,94504727
4507,81180526,94504727
4506,81180526,94504727
4505,15790741,94504727
4504,15790741,94504727
4503,94746638,94504727
4502,94746638,94504727
4501,15790741,94504727
4500,15790741,94504727
4499,15790741,94504727
4498,15790741,94504727
4497,61161747,94504727
4496,61161747,94504727
4495,61161747,94504727
4494,15790741,94504727
4493,15790741,94504727
4492,94746638,94504727
4491,94746638,94504727
4490,61161747,94504727
4489,15790741,94504727
4488,81180526,94504727
4487,15790741,94504727
4486,15790741,94504727
4485,61161747,94504727
4484,61161747,94504727
4483,15790741,94504727
4482,15790741,94504727
4481,15790741,94504727
4480,15790741,94504727
4479,15790741,94504727
4478,15790741,94504727
4477,78788616,94504727
4476,4490687,94504727
4475,94746638,94504727
4474,81180526,94504727
4473,15790741,94504727
4472,15790741,94504727
4471,94746638,94504727
4470,15790741,94504727
4469,69232390,94504727
4468,94746638,94504727
4467,94746638,94504727
4466,94746638,94504727
4465,15790741,94504727
4464,61161747,94504727
4463,81180526,94504727
4462,81180526,94504727
4461,61161747,94504727
4460,15790741,94504727
4459,81180526,94504727
4458,81180526,94504727
4457,15790741,94504727
4456,61161747,94504727
4455,15790741,94504727
4454,69232390,94504727
4453,69232390,94504727
4452,4490687,94504727
4451,15790741,94504727
4450,65326307,94504727
4449,65326307,94504727
4448,28416544,94504727
4447,78788616,94504727
4446,65326307,94504727
4445,78788616,94504727
4444,61161747,94504727
4443,65326307,94504727
4442,65326307,94504727
4441,61161747,94504727
4440,4490687,94504727
4439,69232390,94504727
4438,69232390,94504727
4437,4490687,94504727
4436,69232390,94504727
4435,94746638,94504727
4434,81180526,94504727
4433,69232390,94504727
4432,65326307,94504727
4431,94746638,94504727
4430,61161747,94504727
4429,61161747,94504727
4428,69232390,94504727
4427,15790741,94504727
4426,15790741,94504727
4425,15790741,94504727
4424,94746638,94504727
4423,69232390,94504727
4422,78788616,94504727
4421,61161747,94504727
4420,61161747,94504727
4419,15790741,94504727
4418,15790741,94504727
4417,15790741,94504727
4416,15790741,94504727
4415,61161747,94504727
4414,94746638,94504727
4413,61161747,94504727
4412,61161747,94504727
4411,15790741,94504727
4410,69232390,94504727
4409,81180526,94504727
4408,81180526,94504727
4407,94746638,94504727
4406,61161747,94504727
4405,61161747,94504727
4404,61161747,94504727
4403,69232390,94504727
4402,81180526,94504727
4401,81180526,94504727
4400,61161747,94504727
4399,65326307,94504727
4398,61161747,94504727
4397,61161747,94504727
4396,15790741,94504727
4395,61161747,94504727
4394,61161747,94504727
4393,69232390,94504727
4392,65326307,94504727
4391,61161747,94504727
4390,61161747,94504727
4389,94746638,94504727
4388,78788616,94504727
4387,61161747,94504727
4386,61161747,94504727
4385,65326307,94504727
4384,69232390,94504727
4383,94746638,94504727
4382,69232390,94504727
4381,61161747,94504727
4380,65326307,94504727
4379,65326307,94504727
4378,61161747,94504727
4377,69232390,94504727
4376,15790741,94504727
4375,15790741,94504727
4374,94746638,94504727
4373,61161747,94504727
4372,15790741,94504727
4371,94746638,94504727
4370,69232390,94504727
4369,78788616,94504727
4368,15790741,94504727
4367,15790741,94504727
4366,15790741,94504727
4365,81180526,94504727
4364,81180526,94504727
4363,61161747,94504727
4362,69232390,94504727
4361,61161747,94504727
4360,15790741,94504727
4359,94746638,94504727
4358,15790741,94504727
4357,94746638,94504727
4356,15790741,94504727
4355,94746638,94504727
4354,94746638,94504727
4353,15790741,94504727
4352,15790741,94504727
4351,69232390,94504727
4350,65326307,94504727
4349,94746638,94504727
4348,69232390,94504727
4347,65326307,94504727
4346,65326307,94504727
4345,81180526,94504727
4344,81180526,94504727
4343,69232390,94504727
4342,69232390,94504727
4341,61161747,94504727
4340,61161747,94504727
4339,78788616,94504727
4338,94746638,94504727
4337,69232390,94504727
4336,69232390,94504727
4335,94746638,94504727
4334,94746638,94504727
4333,15790741,94504727
4332,4490687,94504727
4331,15790741,94504727
4330,4490687,94504727
4329,4490687,94504727
4328,4490687,94504727
4327,61161747,94504727
4326,69232390,94504727
4325,65326307,94504727
4324,15790741,94504727
4323,15790741,94504727
4322,61161747,94504727
4321,61161747,94504727
4320,15790741,94504727
4319,4490687,94504727
4318,4490687,94504727
4317,4490687,94504727
4316,4490687,94504727
4315,4490687,94504727
4314,4490687,94504727
4313,4490687,94504727
4312,78788616,94504727
4311,15790741,94504727
4310,94746638,94504727
4309,81180526,94504727
4308,94746638,94504727
4307,81180526,94504727
4306,69232390,94504727
4305,69232390,94504727
4304,61161747,94504727
4303,65326307,94504727
4302,61161747,94504727
4301,15790741,94504727
4300,94746638,94504727
4299,4490687,94504727
4298,61161747,94504727
4297,78788616,94504727
4296,94746638,94504727
4295,61161747,94504727
4294,65326307,94504727
4293,78788616,94504727
4292,61161747,94504727
4291,15790741,94504727
4290,61161747,94504727
4289,94746638,94504727
4288,65326307,94504727
4287,61161747,94504727
4286,4490687,94504727
4285,15790741,94504727
4284,61161747,94504727
4283,69232390,94504727
4282,4490687,94504727
4281,4490687,94504727
4280,4490687,94504727
4279,4490687,94504727
4278,69232390,94504727
4277,4490687,94504727
4276,61161747,94504727
4275,61161747,94504727
4274,78788616,94504727
4273,4490687,94504727
4272,61161747,94504727
4271,4490687,94504727
4270,61161747,94504727
4269,94746638,94504727
4268,94746638,94504727
4267,69232390,94504727
4266,65326307,94504727
4265,65326307,94504727
4264,81180526,94504727
4263,81180526,94504727
4262,81180526,94504727
4261,4490687,94504727
4260,94746638,94504727
4259,69232390,94504727
4258,61161747,94504727
4257,61161747,94504727
4256,94746638,94504727
4255,81180526,94504727
4254,61161747,94504727
4253,81180526,94504727
4252,69232390,94504727
4251,94746638,94504727
4250,94746638,94504727
4249,15790741,94504727
4248,15790741,94504727
4247,81180526,94504727
4246,15790741,94504727
4245,69232390,94504727
4244,15790741,94504727
4243,94746638,94504727
4242,81180526,94504727
4241,81180526,94504727
4240,78788616,94504727
4239,15790741,94504727
4238,69232390,94504727
4237,69232390,94504727
4236,69232390,94504727
4235,15790741,94504727
4234,65326307,94504727
4233,94746638,94504727
4232,15790741,94504727
4231,61161747,94504727
4230,61161747,94504727
4229,61161747,94504727
4228,87918733,94504727
4227,94746638,94504727
4226,81180526,94504727
4225,4490687,94504727
4224,69232390,94504727
4223,81180526,94504727
4222,69232390,94504727
4221,61161747,94504727
4220,65326307,94504727
4219,15790741,94504727
4218,15790741,94504727
4217,61161747,94504727
4216,5251879,94504727
4215,61161747,94504727
4214,81180526,94504727
4213,61161747,94504727
4212,61161747,94504727
4211,69232390,94504727
4210,15790741,94504727
4209,61161747,94504727
4208,81180526,94504727
4207,61161747,94504727
4206,15790741,94504727
4205,15790741,94504727
4204,15790741,94504727
4203,94746638,94504727
4202,94746638,94504727
4201,94746638,94504727
4200,15790741,94504727
4199,61161747,94504727
4198,65326307,94504727
4197,69232390,94504727
4196,78788616,94504727
4195,61161747,94504727
4194,61161747,94504727
4193,81180526,94504727
4192,81180526,94504727
4191,69232390,94504727
4190,69232390,94504727
4189,61161747,94504727
4188,15790741,94504727
4187,61161747,94504727
4186,69232390,94504727
4185,61161747,94504727
4184,15790741,94504727
4183,15790741,94504727
4182,94746638,94504727
4181,94746638,94504727
4180,65326307,94504727
4179,61161747,94504727
4178,15790741,94504727
4177,15790741,94504727
4176,61161747,94504727
4175,94746638,94504727
4174,61161747,94504727
4173,15790741,94504727
4172,81180526,94504727
4171,94746638,94504727
4170,81180526,94504727
4169,15790741,94504727
4168,61161747,94504727
4167,94746638,94504727
4166,15790741,94504727
4165,15790741,94504727
4164,81180526,94504727
4163,15790741,94504727
4162,69232390,94504727
4161,94746638,94504727
4160,15790741,94504727
4159,15790741,94504727
4158,15790741,94504727
4157,78788616,94504727
4156,15790741,94504727
4155,61161747,94504727
4154,94746638,94504727
4153,61161747,94504727
4152,94746638,94504727
4151,81180526,94504727
4150,61161747,94504727
4149,15790741,94504727
4148,81180526,94504727
4147,94746638,94504727
4146,15790741,94504727
4145,15790741,94504727
4144,78788616,94504727
4143,69232390,94504727
4142,61161747,94504727
4141,94746638,94504727
4140,94746638,94504727
4139,15790741,94504727
4138,15790741,94504727
4137,81180526,94504727
4136,81180526,94504727
4135,61161747,94504727
4134,15790741,94504727
4133,94746638,94504727
4132,61161747,94504727
4131,43497248,94504727
4130,61161747,94504727
4129,43497248,94504727
4128,61161747,94504727
4127,94746638,94504727
4126,61161747,94504727
4125,94746638,94504727
4124,81180526,94504727
4123,69232390,94504727
4122,69232390,94504727
4121,94746638,94504727
4120,78788616,94504727
4119,65326307,94504727
4118,65326307,94504727
4117,43497248,94504727
4116,94746638,94504727
4115,43497248,94504727
4114,15790741,94504727
4113,69232390,94504727
4112,81180526,94504727
4111,94746638,94504727
4110,69232390,94504727
4109,43497248,94504727
4108,43497248,94504727
4107,65326307,94504727
4106,65326307,94504727
4105,78788616,94504727
4104,15790741,94504727
4103,15790741,94504727
4102,81180526,94504727
4101,94746638,94504727
4100,69232390,94504727
4099,65326307,94504727
4098,69232390,94504727
4097,94746638,94504727
4096,94746638,94504727
4095,94746638,94504727
4094,94746638,94504727
4093,43497248,94504727
4092,43497248,94504727
4091,61161747,94504727
4090,65326307,94504727
4089,61161747,94504727
4088,15790741,94504727
4087,15790741,94504727
4086,61161747,94504727
4085,94746638,94504727
4084,61161747,94504727
4083,61161747,94504727
4082,15790741,94504727
4081,61161747,94504727
4080,61161747,94504727
4079,43497248,94504727
4078,43497248,94504727
4077,61161747,94504727
4076,61161747,94504727
4075,69232390,94504727
4074,94746638,94504727
4073,15790741,94504727
4072,61161747,94504727
4071,69232390,94504727
4070,61161747,94504727
4069,61161747,94504727
4068,94746638,94504727
4067,43497248,94504727
4066,43497248,94504727
4065,65326307,94504727
4064,94746638,94504727
4063,61161747,94504727
4062,69232390,94504727
4061,61161747,94504727
4060,61161747,94504727
4059,69232390,94504727
4058,94746638,94504727
4057,69232390,94504727
4056,61161747,94504727
4055,61161747,94504727
4054,94746638,94504727
4053,43497248,94504727
4052,43497248,94504727
4051,15790741,94504727
4050,61161747,94504727
4049,61161747,94504727
4048,78788616,94504727
4047,78788616,94504727
4046,61161747,94504727
4045,69232390,94504727
4044,61161747,94504727
4043,15790741,94504727
4042,61161747,94504727
4041,61161747,94504727
4040,43497248,94504727
4039,43497248,94504727
4038,69232390,94504727
4037,61161747,94504727
4036,78788616,94504727
4035,65326307,94504727
4034,61161747,94504727
4033,61161747,94504727
4032,61161747,94504727
4031,69232390,94504727
4030,69232390,94504727
4029,61161747,94504727
4028,43497248,94504727
4027,43497248,94504727
4026,61161747,94504727
4025,78788616,94504727
4024,61161747,94504727
4023,61161747,94504727
4022,65326307,94504727
4021,61161747,94504727
4020,61161747,94504727
4019,81180526,94504727
4018,81180526,94504727
4017,15790741,94504727
4016,94746638,94504727
4015,94746638,94504727
4014,69232390,94504727
4013,61161747,94504727
4012,43497248,94504727
4011,43497248,94504727
4010,69232390,94504727
4009,65326307,94504727
4008,61161747,94504727
4007,61161747,94504727
4006,61161747,94504727
4005,94746638,94504727
4004,69232390,94504727
4003,15790741,94504727
4002,69232390,94504727
4001,15790741,94504727
4000,43497248,94504727
3999,43497248,94504727
3998,61161747,94504727
3997,65326307,94504727
3996,61161747,94504727
3995,15790741,94504727
3994,61161747,94504727
3993,69232390,94504727
3992,61161747,94504727
3991,61161747,94504727
3990,69232390,94504727
3989,43497248,94504727
3988,61161747,94504727
3987,15790741,94504727
3986,15790741,94504727
3985,15790741,94504727
3984,15790741,94504727
3983,43497248,94504727
3982,43497248,94504727
3981,61161747,94504727
3980,69232390,94504727
3979,61161747,94504727
3978,65326307,94504727
3977,94746638,94504727
3976,94746638,94504727
3975,94746638,94504727
3974,65326307,94504727
3973,61161747,94504727
3972,61161747,94504727
3971,15790741,94504727
3970,15790741,94504727
3969,15790741,94504727
3968,94746638,94504727
3967,94746638,94504727
3966,94746638,94504727
3965,43497248,94504727
3964,15790741,94504727
3963,43497248,94504727
3962,65326307,94504727
3961,65326307,94504727
3960,65326307,94504727
3959,94746638,94504727
3958,15790741,94504727
3957,15790741,94504727
3956,94746638,94504727
3955,65326307,94504727
3954,65326307,94504727
3953,81180526,94504727
3952,81180526,94504727
3951,69232390,94504727
3950,69232390,94504727
3949,94746638,94504727
3948,69232390,94504727
3947,15790741,94504727
3946,15790741,94504727
3945,43497248,94504727
3944,61161747,94504727
3943,61161747,94504727
3942,61161747,94504727
3941,15790741,94504727
3940,94746638,94504727
3939,43497248,94504727
3938,94746638,94504727
3937,94746638,94504727
3936,94746638,94504727
3935,43497248,94504727
3934,43497248,94504727
3933,65326307,94504727
3932,15790741,94504727
3931,78788616,94504727
3930,61161747,94504727
3929,61161747,94504727
3928,15790741,94504727
3927,15790741,94504727
3926,81180526,94504727
3925,81180526,94504727
3924,69232390,94504727
3923,15790741,94504727
3922,69232390,94504727
3921,43497248,94504727
3920,43497248,94504727
3919,69232390,94504727
3918,15790741,94504727
3917,94746638,94504727
3916,15790741,94504727
3915,94746638,94504727
3914,15790741,94504727
3913,69232390,94504727
3912,69232390,94504727
3911,69232390,94504727
3910,81180526,94504727
3909,43497248,94504727
3908,43497248,94504727
3907,69232390,94504727
3906,81180526,94504727
3905,15790741,94504727
3904,69232390,94504727
3903,43497248,94504727
3902,43497248,94504727
3901,69232390,94504727
3900,94746638,94504727
3899,69232390,94504727
3898,15790741,94504727
3897,15790741,94504727
3896,69232390,94504727
3895,69232390,94504727
3894,15790741,94504727
3893,94746638,94504727
3892,69232390,94504727
3891,69232390,94504727
3890,69232390,94504727
3889,69232390,94504727
3888,65326307,94504727
3887,15790741,94504727
3886,15790741,94504727
3885,15790741,94504727
3884,94746638,94504727
3883,69232390,94504727
3882,69232390,94504727
3881,94746638,94504727
3880,15790741,94504727
3879,15790741,94504727
3878,15790741,94504727
3877,78788616,94504727
3876,15790741,94504727
3875,94746638,94504727
3874,15790741,94504727
3873,15790741,94504727
3872,81180526,94504727
3871,81180526,94504727
3870,69232390,94504727
3869,69232390,94504727
3868,99460443,94504727
3867,78788616,94504727
3866,15790741,94504727
3865,94746638,94504727
3864,99460443,94504727
3863,99460443,94504727
3862,81180526,94504727
3861,81180526,94504727
3860,15790741,94504727
3859,78788616,94504727
3858,69232390,94504727
3857,78788616,94504727
3856,81180526,94504727
3855,81180526,94504727
3854,69232390,94504727
3853,15790741,94504727
3852,15790741,94504727
3851,15790741,94504727
3850,15790741,94504727
3849,15790741,94504727
3848,94746638,94504727
3847,15790741,94504727
3846,81180526,94504727
3845,15790741,94504727
3844,81180526,94504727
3843,94746638,94504727
3842,13685131,94504727
3841,99460443,94504727
3840,99460443,94504727
3839,99460443,94504727
3838,15790741,94504727
3837,94746638,94504727
3836,15790741,94504727
3835,99460443,94504727
3834,94746638,94504727
3833,99460443,94504727
3832,78788616,94504727
3831,15790741,94504727
3830,13685131,94504727
3829,99460443,94504727
3828,65326307,94504727
3827,13685131,94504727
3826,99460443,94504727
3825,69232390,94504727
3824,15790741,94504727
3823,69232390,94504727
3822,69232390,94504727
3821,65326307,94504727
3820,99460443,94504727
3819,15790741,94504727
3818,69232390,94504727
3817,15790741,94504727
3816,99460443,94504727
3815,69232390,94504727
3814,94746638,94504727
3813,81180526,94504727
3812,13685131,94504727
3811,78788616,94504727
3810,94746638,94504727
3809,94746638,94504727
3808,13685131,94504727
3807,99460443,94504727
3806,13685131,94504727
3805,13685131,94504727
3804,15790741,94504727
3803,94746638,94504727
3802,15790741,94504727
3801,78788616,94504727
3800,69232390,94504727
3799,69232390,94504727
3798,69232390,94504727
3797,15790741,94504727
3796,13685131,94504727
3795,94746638,94504727
3794,65326307,94504727
3793,94746638,94504727
3792,94746638,94504727
3791,15790741,94504727
3790,15790741,94504727
3789,13685131,94504727
3788,94746638,94504727
3787,94746638,94504727
3786,13685131,94504727
3785,81180526,94504727
3784,81180526,94504727
3783,13685131,94504727
3782,15790741,94504727
3781,99460443,94504727
3780,15790741,94504727
3779,69232390,94504727
3778,13685131,94504727
3777,99460443,94504727
3776,94746638,94504727
3775,99460443,94504727
3774,78788616,94504727
3773,15790741,94504727
3772,13685131,94504727
3771,13685131,94504727
3770,94746638,94504727
3769,78788616,94504727
3768,99460443,94504727
3767,99460443,94504727
3766,99460443,94504727
3765,81180526,94504727
3764,13685131,94504727
3763,15790741,94504727
3762,15790741,94504727
3761,69232390,94504727
3760,65326307,94504727
3759,65326307,94504727
3758,13685131,94504727
3757,15790741,94504727
3756,15790741,94504727
3755,15790741,94504727
3754,99460443,94504727
3753,99460443,94504727
3752,15790741,94504727
3751,15790741,94504727
3750,99460443,94504727
3749,13685131,94504727
3748,99460443,94504727
3747,99460443,94504727
3746,15790741,94504727
3745,69232390,94504727
3744,15790741,94504727
3743,15790741,94504727
3742,99460443,94504727
3741,99460443,94504727
3740,78788616,94504727
3739,15790741,94504727
3738,65326307,94504727
3737,13685131,94504727
3736,65326307,94504727
3735,69232390,94504727
3734,99460443,94504727
3733,99460443,94504727
3732,99460443,94504727
3731,69232390,94504727
3730,94746638,94504727
3729,15790741,94504727
3728,13685131,94504727
3727,15790741,94504727
3726,13685131,94504727
3725,69232390,94504727
3724,13685131,94504727
3723,69232390,94504727
3722,78788616,94504727
3721,99460443,94504727
3720,99460443,94504727
3719,99460443,94504727
3718,69232390,94504727
3717,15790741,94504727
3716,15790741,94504727
3715,15790741,94504727
3714,13685131,94504727
3713,13685131,94504727
3712,94746638,94504727
3711,15790741,94504727
3710,94746638,94504727
3709,15790741,94504727
3708,65326307,94504727
3707,69232390,94504727
3706,69232390,94504727
3705,13685131,94504727
3704,99460443,94504727
3703,69232390,94504727
3702,15790741,94504727
3701,13685131,94504727
3700,99460443,94504727
3699,99460443,94504727
3698,99460443,94504727
3697,78788616,94504727
3696,13685131,94504727
3695,13685131,94504727
3694,13685131,94504727
3693,13685131,94504727
3692,13685131,94504727
3691,94746638,94504727
3690,94746638,94504727
3689,94746638,94504727
3688,94746638,94504727
3687,78788616,94504727
3686,69232390,94504727
3685,81180526,94504727
3684,94746638,94504727
3683,69232390,94504727
3682,15790741,94504727
3681,15790741,94504727
3680,13685131,94504727
3679,69232390,94504727
3678,13685131,94504727
3677,13685131,94504727
3676,78788616,94504727
3675,15790741,94504727
3674,81180526,94504727
3673,81180526,94504727
3672,13685131,94504727
3671,69232390,94504727
3670,69232390,94504727
3669,69232390,94504727
3668,99460443,94504727
3667,99460443,94504727
3666,99460443,94504727
3665,15790741,94504727
3664,99460443,94504727
3663,15790741,94504727
3662,69232390,94504727
3661,94746638,94504727
3660,78788616,94504727
3659,99460443,94504727
3658,99460443,94504727
3657,99460443,94504727
3656,13685131,94504727
3655,81180526,94504727
3654,81180526,94504727
3653,99460443,94504727
3652,15790741,94504727
3651,15790741,94504727
3650,15790741,94504727
3649,15790741,94504727
3648,13685131,94504727
3647,78788616,94504727
3646,99460443,94504727
3645,15790741,94504727
3644,94746638,94504727
3643,15790741,94504727
3642,15790741,94504727
3641,94746638,94504727
3640,15790741,94504727
3639,99460443,94504727
3638,69232390,94504727
3637,69232390,94504727
3636,99460443,94504727
3635,94746638,94504727
3634,94746638,94504727
3633,13685131,94504727
3632,13685131,94504727
3631,13685131,94504727
3630,15790741,94504727
3629,13685131,94504727
3628,15790741,94504727
3627,99460443,94504727
3626,99460443,94504727
3625,94746638,94504727
3624,94746638,94504727
3623,15790741,94504727
3622,13685131,94504727
3621,13685131,94504727
3620,69232390,94504727
3619,94746638,94504727
3618,15790741,94504727
3617,15790741,94504727
3616,99460443,94504727
3615,94746638,94504727
3614,65326307,94504727
3613,13685131,94504727
3612,94746638,94504727
3611,13685131,94504727
3610,94746638,94504727
3609,69232390,94504727
3608,94746638,94504727
3607,69232390,94504727
3606,94746638,94504727
3605,94746638,94504727
3604,15790741,94504727
3603,15790741,94504727
3602,13685131,94504727
3601,99460443,94504727
3600,94746638,94504727
3599,94746638,94504727
3598,15790741,94504727
3597,13685131,94504727
3596,94746638,94504727
3595,94746638,94504727
3594,99460443,94504727
3593,94746638,94504727
3592,94746638,94504727
3591,15790741,94504727
3590,94746638,94504727
3589,69232390,94504727
3588,94746638,94504727
3587,94746638,94504727
3586,94746638,94504727
3585,94746638,94504727
3584,65326307,94504727
3583,13685131,94504727
3582,69232390,94504727
3581,13685131,94504727
3580,13685131,94504727
3579,69232390,94504727
3578,81180526,94504727
3577,81180526,94504727
3576,15790741,94504727
3575,78788616,94504727
3574,78788616,94504727
3573,78788616,94504727
3572,78788616,94504727
3571,15790741,94504727
3570,15790741,94504727
3569,15790741,94504727
3568,69232390,94504727
3567,99460443,94504727
3566,99460443,94504727
3565,13685131,94504727
3564,13685131,94504727
3563,78788616,94504727
3562,78788616,94504727
3561,78788616,94504727
3560,15790741,94504727
3559,69232390,94504727
3558,15790741,94504727
3557,69232390,94504727
3556,94746638,94504727
3555,94746638,94504727
3554,94746638,94504727
3553,94746638,94504727
3552,81180526,94504727
3551,13685131,94504727
3550,69232390,94504727
3549,13685131,94504727
3548,99460443,94504727
3547,99460443,94504727
3546,15790741,94504727
3545,15790741,94504727
3544,13685131,94504727
3543,15790741,94504727
3542,69232390,94504727
3541,13685131,94504727
3540,99460443,94504727
3539,15790741,94504727
3538,15790741,94504727
3537,13685131,94504727
3536,65326307,94504727
3535,4490687,94504727
3534,69232390,94504727
3533,99460443,94504727
3532,99460443,94504727
3531,99460443,94504727
3530,99460443,94504727
3529,15790741,94504727
3528,4490687,94504727
3527,4490687,94504727
3526,15790741,94504727
3525,15790741,94504727
3524,13685131,94504727
3523,13685131,94504727
3522,13685131,94504727
3521,13685131,94504727
3520,94746638,94504727
3519,94746638,94504727
3518,94746638,94504727
3517,69232390,94504727
3516,69232390,94504727
3515,99460443,94504727
3514,13685131,94504727
3513,15790741,94504727
3512,99460443,94504727
3511,69232390,94504727
3510,13685131,94504727
3509,15790741,94504727
3508,69232390,94504727
3507,15790741,94504727
3506,15790741,94504727
3505,15790741,94504727
3504,94746638,94504727
3503,69232390,94504727
3502,69232390,94504727
3501,94746638,94504727
3500,13685131,94504727
3499,15790741,94504727
3498,78788616,94504727
3497,4490687,94504727
3496,13685131,94504727
3495,4490687,94504727
3494,78788616,94504727
3493,4490687,94504727
3492,15790741,94504727
3491,78788616,94504727
3490,4490687,94504727
3489,4490687,94504727
3488,4490687,94504727
3487,4490687,94504727
3486,4490687,94504727
3485,4490687,94504727
3484,4490687,94504727
3483,94746638,94504727
3482,4490687,94504727
3481,15790741,94504727
3480,94746638,94504727
3479,15790741,94504727
3478,81180526,94504727
3477,99460443,94504727
3476,99460443,94504727
3475,99460443,94504727
3474,94746638,94504727
3473,99460443,94504727
3472,69232390,94504727
3471,94746638,94504727
3470,47633369,94504727
3469,13685131,94504727
3468,47633369,94504727
3467,13685131,94504727
3466,69232390,94504727
3465,47633369,94504727
3464,69232390,94504727
3463,69232390,94504727
3462,94746638,94504727
3461,94746638,94504727
3460,13685131,94504727
3459,15790741,94504727
3458,15790741,94504727
3457,13685131,94504727
3456,13685131,94504727
3455,94746638,94504727
3454,43614500,94504727
3453,99460443,94504727
3452,94746638,94504727
3451,15790741,94504727
3450,15790741,94504727
3449,81180526,94504727
3448,81180526,94504727
3447,94746638,94504727
3446,69232390,94504727
3445,69232390,94504727
3444,94746638,94504727
3443,69232390,94504727
3442,94746638,94504727
3441,99460443,94504727
3440,99460443,94504727
3439,69232390,94504727
3438,15790741,94504727
3437,15790741,94504727
3436,13685131,94504727
3435,13685131,94504727
3434,94746638,94504727
3433,78788616,94504727
3432,78788616,94504727
3431,78788616,94504727
3430,78788616,94504727
3429,78788616,94504727
3428,78788616,94504727
3427,69232390,94504727
3426,69232390,94504727
3425,69232390,94504727
3424,4490687,94504727
3423,4490687,94504727
3422,4490687,94504727
3410,4490687,94504727
3404,43614500,94504727
3403,69232390,94504727
3402,4490687,94504727
3401,13685131,94504727
3400,13685131,94504727
3399,4490687,94504727
3398,81180526,94504727
3397,69232390,94504727
3396,4490687,94504727
3395,13685131,94504727
3394,13685131,94504727
3393,4490687,94504727
3392,4490687,94504727
3391,4490687,94504727
3390,4490687,94504727
3389,81180526,94504727
3388,13685131,94504727
3387,99460443,94504727
3386,13685131,94504727
3385,99460443,94504727
3384,81180526,94504727
3383,69232390,94504727
3382,69232390,94504727
3381,94746638,94504727
3380,15790741,94504727
3379,15790741,94504727
3378,99460443,94504727
3377,94746638,94504727
3376,78788616,94504727
3375,13685131,94504727
3374,78788616,94504727
3373,15790741,94504727
3372,13685131,94504727
3371,15790741,94504727
3370,13685131,94504727
3369,15790741,94504727
3368,15790741,94504727
3367,15790741,94504727
3366,99460443,94504727
3365,15790741,94504727
3364,69232390,94504727
3363,15790741,94504727
3362,69232390,94504727
3361,69232390,94504727
3360,94746638,94504727
3359,99460443,94504727
3358,4490687,94504727
3357,99460443,94504727
3356,65326307,94504727
3355,69232390,94504727
3354,13685131,94504727
3353,81180526,94504727
3352,81180526,94504727
3351,99460443,94504727
3350,69232390,94504727
3349,81180526,94504727
3348,81180526,94504727
3347,4490687,94504727
3346,4490687,94504727
3345,4490687,94504727
3344,4490687,94504727
3343,15790741,94504727
3342,15790741,94504727
3341,94746638,94504727
3340,4490687,94504727
3339,99460443,94504727
3338,99460443,94504727
3337,65326307,94504727
3336,15790741,94504727
3335,15790741,94504727
3334,4490687,94504727
3333,94746638,94504727
3332,78788616,94504727
3331,94746638,94504727
3330,4490687,94504727
3329,4490687,94504727
3328,15790741,94504727
3327,13685131,94504727
3326,13685131,94504727
3325,4490687,94504727
3324,4490687,94504727
3323,4490687,94504727
3322,69232390,94504727
3321,69232390,94504727
3320,4490687,94504727
3319,13685131,94504727
3318,4490687,94504727
3317,69232390,94504727
3316,47633369,94504727
3315,15790741,94504727
3314,15790741,94504727
3313,13685131,94504727
3312,4490687,94504727
3311,13685131,94504727
3310,81180526,94504727
3309,69232390,94504727
3308,15790741,94504727
3307,69232390,94504727
3306,81180526,94504727
3305,99460443,94504727
3304,81180526,94504727
3303,99460443,94504727
3302,65326307,94504727
3301,99460443,94504727
3300,13685131,94504727
3299,94746638,94504727
3298,4490687,94504727
3297,4490687,94504727
3296,94746638,94504727
3295,4490687,94504727
3294,4490687,94504727
3293,4490687,94504727
3292,4490687,94504727
3291,4490687,94504727
3290,4490687,94504727
3289,78788616,94504727
3288,78788616,94504727
3287,4490687,94504727
3286,69232390,94504727
3285,69232390,94504727
3284,4490687,94504727
3283,13685131,94504727
3282,99460443,94504727
3281,99460443,94504727
3280,15790741,94504727
3279,15790741,94504727
3278,15790741,94504727
3277,15790741,94504727
3276,4490687,94504727
3275,4490687,94504727
3274,4490687,94504727
3273,4490687,94504727
3272,4490687,94504727
3271,4490687,94504727
3270,94746638,94504727
3269,15790741,94504727
3261,94746638,94504727
3260,13685131,94504727
3259,13685131,94504727
3258,13685131,94504727
3257,94746638,94504727
3255,94746638,94504727
3254,69232390,94504727
3253,15790741,94504727
3252,69232390,94504727
3251,99460443,94504727
3250,99460443,94504727
3249,15790741,94504727
3248,15790741,94504727
3247,94746638,94504727
3246,13685131,94504727
3245,13685131,94504727
3243,69232390,94504727
3242,94746638,94504727
3241,94746638,94504727
3240,94746638,94504727
3238,13685131,94504727
3237,69232390,94504727
3236,13685131,94504727
3235,13685131,94504727
3234,13685131,94504727
3233,99460443,94504727
3232,99460443,94504727
3230,69232390,94504727
3229,99460443,94504727
3228,69232390,94504727
3227,13685131,94504727
3226,13685131,94504727
3225,99460443,94504727
3224,81180526,94504727
3223,78788616,94504727
3222,99460443,94504727
3221,99460443,94504727
3220,99460443,94504727
3219,78788616,94504727
3218,78788616,94504727
3217,13685131,94504727
3216,94746638,94504727
3215,99460443,94504727
3214,99460443,94504727
3213,99460443,94504727
3212,13685131,94504727
3211,99460443,94504727
3210,94746638,94504727
3209,81180526,94504727
3208,47633369,94504727
3207,47633369,94504727
3206,99460443,94504727
3205,99460443,94504727
3204,13685131,94504727
3203,78788616,94504727
3202,13685131,94504727
3201,13685131,94504727
3200,94746638,94504727
3199,47633369,94504727
3198,94746638,94504727
3197,78788616,94504727
3196,99460443,94504727
3195,69232390,94504727
3194,99460443,94504727
3193,69232390,94504727
3192,69232390,94504727
3191,13685131,94504727
3190,13685131,94504727
3189,15790741,94504727
3188,99460443,94504727
3187,13685131,94504727
3186,13685131,94504727
3185,13685131,94504727
3184,94746638,94504727
3183,94746638,94504727
3182,94746638,94504727
3181,47633369,94504727
3180,99460443,94504727
3179,99460443,94504727
3178,69232390,94504727
3177,69232390,94504727
3176,69232390,94504727
3175,69232390,94504727
3174,69232390,94504727
3173,65326307,94504727
3172,47633369,94504727
3171,13685131,94504727
3170,69232390,94504727
3169,94746638,94504727
3168,13685131,94504727
3167,94746638,94504727
3166,99460443,94504727
3165,94746638,94504727
3164,94746638,94504727
3163,13685131,94504727
3162,81180526,94504727
3161,81180526,94504727
3160,99460443,94504727
3159,99460443,94504727
3158,81180526,94504727
3157,65326307,94504727
3156,94746638,94504727
3155,13685131,94504727
3154,13685131,94504727
3153,99460443,94504727
3152,94746638,94504727
3151,47633369,94504727
3150,13685131,94504727
3149,13685131,94504727
3148,99460443,94504727
3147,94746638,94504727
3146,69232390,94504727
3145,69232390,94504727
3144,69232390,94504727
3143,13685131,94504727
3142,13685131,94504727
3141,81180526,94504727
3140,99460443,94504727
3139,13685131,94504727
3138,94746638,94504727
3137,13685131,94504727
3136,13685131,94504727
3135,47633369,94504727
3134,94746638,94504727
3133,65326307,94504727
3132,94746638,94504727
3131,94746638,94504727
3130,99460443,94504727
3129,99460443,94504727
3128,81180526,94504727
3127,81180526,94504727
3126,13685131,94504727
3125,94746638,94504727
3124,13685131,94504727
3123,65326307,94504727
3122,13685131,94504727
3121,65326307,94504727
3120,65326307,94504727
3119,94746638,94504727
3118,69232390,94504727
3117,94746638,94504727
3116,94746638,94504727
3115,13685131,94504727
3114,13685131,94504727
3113,99460443,94504727
3112,94746638,94504727
3111,81180526,94504727
3110,81180526,94504727
3109,13685131,94504727
3108,13685131,94504727
3107,13685131,94504727
3106,47633369,94504727
3105,94746638,94504727
3104,94746638,94504727
3103,47633369,94504727
3102,13685131,94504727
3101,47633369,94504727
3100,13685131,94504727
3099,99460443,94504727
3098,99460443,94504727
3097,94746638,94504727
3096,69232390,94504727
3095,94746638,94504727
3094,13685131,94504727
3093,13685131,94504727
3092,81180526,94504727
3091,81180526,94504727
3090,81180526,94504727
3089,78788616,94504727
3088,13685131,94504727
3087,69232390,94504727
3086,47633369,94504727
3085,13685131,94504727
3084,94746638,94504727
3083,94746638,94504727
3082,94746638,94504727
3081,69232390,94504727
3080,69232390,94504727
3079,13685131,94504727
3078,13685131,94504727
3077,81180526,94504727
3076,81180526,94504727
3075,94746638,94504727
3074,47633369,94504727
3073,99460443,94504727
3072,78788616,94504727
3071,43614500,94504727
3070,43614500,94504727
3069,99460443,94504727
3068,47633369,94504727
3067,94746638,94504727
3066,13685131,94504727
3065,69232390,94504727
3064,13685131,94504727
3063,13685131,94504727
3062,13685131,94504727
3061,65326307,94504727
3060,65326307,94504727
3059,65326307,94504727
3058,69232390,94504727
3057,94746638,94504727
3056,94746638,94504727
3055,69232390,94504727
3054,99460443,94504727
3053,69232390,94504727
3052,13685131,94504727
3051,94746638,94504727
3050,94746638,94504727
3049,99460443,94504727
3048,69232390,94504727
3047,78788616,94504727
3046,99460443,94504727
3045,65326307,94504727
3044,13685131,94504727
3043,13685131,94504727
3042,94746638,94504727
3041,94746638,94504727
3040,69232390,94504727
3039,69232390,94504727
3038,99460443,94504727
3037,94746638,94504727
3036,13685131,94504727
3035,94746638,94504727
3034,69232390,94504727
3033,13685131,94504727
3032,78788616,94504727
3031,78788616,94504727
3030,99460443,94504727
3029,99460443,94504727
3028,94746638,94504727
3027,69232390,94504727
3026,69232390,94504727
3025,69232390,94504727
3024,13685131,94504727
3023,94746638,94504727
3022,69232390,94504727
3021,69232390,94504727
3020,47633369,94504727
3019,69232390,94504727
3018,13685131,94504727
3017,13685131,94504727
3016,65326307,94504727
3015,65326307,94504727
3014,69232390,94504727
3013,13685131,94504727
3012,99460443,94504727
3011,99460443,94504727
3010,69232390,94504727
3009,65326307,94504727
3008,13685131,94504727
3007,78788616,94504727
3006,78788616,94504727
3005,81180526,94504727
3004,94746638,94504727
3003,99460443,94504727
3002,94746638,94504727
3001,15790741,94504727
3000,15790741,94504727
2999,69232390,94504727
2998,94746638,94504727
2997,43614500,94504727
2996,94746638,94504727
2995,13685131,94504727
2994,47633369,94504727
2993,69232390,94504727
2992,13685131,94504727
2991,69232390,94504727
2990,69232390,94504727
2989,78788616,94504727
2988,13685131,94504727
2987,69232390,94504727
2986,15790741,94504727
2985,15790741,94504727
2984,47633369,94504727
2983,69232390,94504727
2982,43614500,94504727
2981,43614500,94504727
2980,43614500,94504727
2979,43614500,94504727
2978,43614500,94504727
2977,43614500,94504727
2976,43614500,94504727
2975,43614500,94504727
2974,69232390,94504727
2973,13685131,94504727
2972,15790741,94504727
2971,47633369,94504727
2970,47633369,94504727
2969,13685131,94504727
2968,69232390,94504727
2967,13685131,94504727
2966,78788616,94504727
2965,13685131,94504727
2964,99460443,94504727
2963,99460443,94504727
2962,15790741,94504727
2961,15790741,94504727
2960,69232390,94504727
2959,69232390,94504727
2958,81180526,94504727
2957,81180526,94504727
2956,13685131,94504727
2955,13685131,94504727
2954,69232390,94504727
2953,78788616,94504727
2952,15790741,94504727
2951,13685131,94504727
2950,47633369,94504727
2949,13685131,94504727
2948,99460443,94504727
2947,99460443,94504727
2946,65326307,94504727
2945,13685131,94504727
2944,65326307,94504727
2943,94746638,94504727
2942,69232390,94504727
2941,69232390,94504727
2940,94746638,94504727
2939,15790741,94504727
2938,78788616,94504727
2937,13685131,94504727
2936,99460443,94504727
2935,99460443,94504727
2934,69232390,94504727
2933,13685131,94504727
2932,13685131,94504727
2931,13685131,94504727
2930,13685131,94504727
2929,13685131,94504727
2928,13685131,94504727
2927,69232390,94504727
2926,78788616,94504727
2925,69232390,94504727
2924,43614500,94504727
2923,43614500,94504727
2922,99460443,94504727
2921,13685131,94504727
2920,13685131,94504727
2919,94746638,94504727
2918,47633369,94504727
2917,69232390,94504727
2916,13685131,94504727
2915,94746638,94504727
2914,94746638,94504727
2913,99460443,94504727
2912,78788616,94504727
2911,94746638,94504727
2910,47633369,94504727
2909,13685131,94504727
2908,13685131,94504727
2907,78788616,94504727
2906,13685131,94504727
2905,99460443,94504727
2904,99460443,94504727
2903,47633369,94504727
2902,47633369,94504727
2901,13685131,94504727
2900,13685131,94504727
2899,65326307,94504727
2898,13685131,94504727
2897,13685131,94504727
2896,94746638,94504727
2895,81180526,94504727
2894,81180526,94504727
2893,99460443,94504727
2892,65326307,94504727
2891,47633369,94504727
2890,69232390,94504727
2889,65326307,94504727
2888,65326307,94504727
2887,65326307,94504727
2886,69232390,94504727
2885,69232390,94504727
2884,99460443,94504727
2883,94746638,94504727
2882,13685131,94504727
2881,65326307,94504727
2880,15790741,94504727
2879,13685131,94504727
2878,99460443,94504727
2877,69232390,94504727
2876,94746638,94504727
2875,99460443,94504727
2874,99460443,94504727
2873,13685131,94504727
2872,69232390,94504727
2871,69232390,94504727
2870,13685131,94504727
2869,13685131,94504727
2868,15790741,94504727
2867,47633369,94504727
2866,99460443,94504727
2865,69232390,94504727
2864,43614500,94504727
2863,47633369,94504727
2862,94746638,94504727
2861,94746638,94504727
2860,94746638,94504727
2859,94746638,94504727
2858,69232390,94504727
2857,47633369,94504727
2856,65326307,94504727
2855,13685131,94504727
2854,65326307,94504727
2853,13685131,94504727
2852,94746638,94504727
2851,99460443,94504727
2850,15790741,94504727
2849,65326307,94504727
2848,99460443,94504727
2847,69232390,94504727
2846,81180526,94504727
2845,43614500,94504727
2844,43614500,94504727
2843,43614500,94504727
2842,99460443,94504727
2841,13685131,94504727
2840,47633369,94504727
2839,13685131,94504727
2838,15790741,94504727
2837,47633369,94504727
2836,94746638,94504727
2835,15790741,94504727
2834,69232390,94504727
2833,69232390,94504727
2832,15790741,94504727
2831,99460443,94504727
2830,13685131,94504727
2829,47633369,94504727
2828,65326307,94504727
2827,69232390,94504727
2826,13685131,94504727
2825,94746638,94504727
2824,94746638,94504727
2823,15790741,94504727
2822,99460443,94504727
2821,69232390,94504727
2820,81180526,94504727
2819,81180526,94504727
2818,13685131,94504727
2817,13685131,94504727
2816,69232390,94504727
2815,43614500,94504727
2814,94746638,94504727
2813,99460443,94504727
2812,94746638,94504727
2811,94746638,94504727
2810,69232390,94504727
2809,13685131,94504727
2808,15790741,94504727
2807,69232390,94504727
2806,47633369,94504727
2805,81180526,94504727
2804,15790741,94504727
2803,81180526,94504727
2802,81180526,94504727
2801,99460443,94504727
2800,15790741,94504727
2799,13685131,94504727
2798,69232390,94504727
2797,13685131,94504727
2796,13685131,94504727
2795,99460443,94504727
2794,99460443,94504727
2793,81180526,94504727
2792,81180526,94504727
2791,94746638,94504727
2790,43614500,94504727
2789,43614500,94504727
2788,69232390,94504727
2787,69232390,94504727
2786,99460443,94504727
2785,99460443,94504727
2784,94746638,94504727
2783,65326307,94504727
2782,13685131,94504727
2781,15790741,94504727
2780,81180526,94504727
2779,81180526,94504727
2778,81180526,94504727
2777,13685131,94504727
2776,69232390,94504727
2775,69232390,94504727
2774,81180526,94504727
2773,81180526,94504727
2772,13685131,94504727
2771,65326307,94504727
2770,13685131,94504727
2769,43614500,94504727
2768,43614500,94504727
2767,99460443,94504727
2766,99460443,94504727
2765,81180526,94504727
2764,13685131,94504727
2763,99460443,94504727
2762,94746638,94504727
2761,43614500,94504727
2760,81180526,94504727
2759,99460443,94504727
2758,81180526,94504727
2757,13685131,94504727
2756,99460443,94504727
2755,15790741,94504727
2754,13685131,94504727
2753,65326307,94504727
2752,81180526,94504727
2751,81180526,94504727
2750,13685131,94504727
2749,15790741,94504727
2748,15790741,94504727
2747,43614500,94504727
2746,15790741,94504727
2745,13685131,94504727
2744,43614500,94504727
2743,43614500,94504727
2742,15790741,94504727
2741,69232390,94504727
2740,69232390,94504727
2739,65326307,94504727
2738,65326307,94504727
2737,99460443,94504727
2736,99460443,94504727
2735,13685131,94504727
2733,69232390,94504727
2732,43614500,94504727
2730,99460443,94504727
2729,99460443,94504727
2728,15790741,94504727
2727,15790741,94504727
2726,43614500,94504727
2725,43614500,94504727
2724,15790741,94504727
2723,99460443,94504727
2721,99460443,94504727
2719,65326307,94504727
2718,69232390,94504727
2717,65326307,94504727
2715,94746638,94504727
2714,94746638,94504727
2713,81180526,94504727
2712,81180526,94504727
2710,99460443,94504727
2708,69232390,94504727
2705,43614500,94504727
2704,43614500,94504727
2703,69232390,94504727
2702,99460443,94504727
2701,69232390,94504727
2700,15790741,94504727
2699,15790741,94504727
2698,65326307,94504727
2697,99460443,94504727
2695,43614500,94504727
2694,65326307,94504727
2693,99460443,94504727
2692,99460443,94504727
2691,43614500,94504727
2690,81180526,94504727
2689,81180526,94504727
2686,15790741,94504727
2684,99460443,94504727
2683,99460443,94504727
2682,15790741,94504727
2681,15790741,94504727
2680,15790741,94504727
2679,15790741,94504727
2678,15790741,94504727
2677,69232390,94504727
2676,43614500,94504727
2675,43614500,94504727
2674,15790741,94504727
2672,15790741,94504727
2671,15790741,94504727
2670,69232390,94504727
2669,65326307,94504727
2668,15790741,94504727
2666,99460443,94504727
2665,65326307,94504727
2664,65326307,94504727
2663,15790741,94504727
2662,15790741,94504727
2660,94746638,94504727
2659,94746638,94504727
2658,99460443,94504727
2657,43614500,94504727
2656,94746638,94504727
2655,94746638,94504727
2654,43614500,94504727
2653,43614500,94504727
2652,43614500,94504727
2651,15790741,94504727
2650,15790741,94504727
2649,15790741,94504727
2648,15790741,94504727
2647,65326307,94504727
2646,65326307,94504727
2644,15790741,94504727
2643,99460443,94504727
2642,69232390,94504727
2641,69232390,94504727
2640,15790741,94504727
2639,15790741,94504727
2638,15790741,94504727
2637,69232390,94504727
2636,15790741,94504727
2634,65326307,94504727
2633,15790741,94504727
2632,4936986,94504727
2630,4936986,94504727
2629,94746638,94504727
2628,4936986,94504727
2627,4936986,94504727
2626,4936986,94504727
2625,99460443,94504727
2624,15790741,94504727
2622,4936986,94504727
2621,4936986,94504727
2620,4936986,94504727
2619,4936986,94504727
2618,47633369,94504727
2617,4936986,94504727
2616,4490687,94504727
2615,99460443,94504727
2614,65326307,94504727
2613,69232390,94504727
2612,47633369,94504727
2611,47633369,94504727
2608,81180526,94504727
2607,81180526,94504727
2606,99460443,94504727
2605,69232390,94504727
2604,69232390,94504727
2603,65326307,94504727
2602,4936986,94504727
2601,4490687,94504727
2600,4490687,94504727
2599,4490687,94504727
2598,47633369,94504727
2597,94746638,94504727
2596,47633369,94504727
2594,47633369,94504727
2593,47633369,94504727
2592,47633369,94504727
2591,47633369,94504727
2589,15790741,94504727
2588,15790741,94504727
2587,47633369,94504727
2586,47633369,94504727
2585,15790741,94504727
2584,99460443,94504727
2583,69232390,94504727
2581,69232390,94504727
2580,15790741,94504727
2579,94746638,94504727
2578,94746638,94504727
2577,81180526,94504727
2576,81180526,94504727
2575,69232390,94504727
2574,69232390,94504727
2569,99460443,94504727
2568,99460443,94504727
2567,65326307,94504727
2566,81180526,94504727
2565,69232390,94504727
2564,81180526,94504727
2563,81180526,94504727
2562,81180526,94504727
2561,65326307,94504727
2560,99460443,94504727
2558,99460443,94504727
2555,15790741,94504727
2553,15790741,94504727
2552,81180526,94504727
2551,81180526,94504727
2550,15790741,94504727
2549,99460443,94504727
2548,99460443,94504727
2547,81180526,94504727
2546,81180526,94504727
2545,15790741,94504727
2544,15790741,94504727
2543,94746638,94504727
2542,94746638,94504727
2541,69232390,94504727
2540,65326307,94504727
2539,69232390,94504727
2536,94746638,94504727
2535,94746638,94504727
2534,69232390,94504727
2533,81180526,94504727
2532,81180526,94504727
2531,15790741,94504727
2530,69232390,94504727
2529,15790741,94504727
2527,15790741,94504727
2525,99460443,94504727
2524,94746638,94504727
2523,65326307,94504727
2522,69232390,94504727
2521,94746638,94504727
2520,94746638,94504727
2519,69232390,94504727
2518,43614500,94504727
2516,43614500,94504727
2515,99460443,94504727
2514,81180526,94504727
2513,81180526,94504727
2512,99460443,94504727
2511,69232390,94504727
2510,69232390,94504727
2508,43614500,94504727
2507,99460443,94504727
2506,99460443,94504727
2505,99460443,94504727
2504,99460443,94504727
2503,99460443,94504727
2502,99460443,94504727
2499,94746638,94504727
2498,94746638,94504727
2497,94746638,94504727
2496,15790741,94504727
2495,94746638,94504727
2494,94746638,94504727
2493,81180526,94504727
2492,81180526,94504727
2491,99460443,94504727
2490,99460443,94504727
2489,99460443,94504727
2488,99460443,94504727
2487,69232390,94504727
2486,15790741,94504727
2485,65326307,94504727
2484,15790741,94504727
2483,15790741,94504727
2482,69232390,94504727
2481,99460443,94504727
2480,43614500,94504727
2479,69232390,94504727
2478,99460443,94504727
2477,69232390,94504727
2476,15790741,94504727
2474,81180526,94504727
2473,81180526,94504727
2472,43614500,94504727
2471,99460443,94504727
2470,99460443,94504727
2469,94746638,94504727
2468,69232390,94504727
2467,15790741,94504727
2466,15790741,94504727
2465,15790741,94504727
2464,69232390,94504727
2463,94746638,94504727
2462,15790741,94504727
2461,15790741,94504727
2460,15790741,94504727
2459,69232390,94504727
2457,94746638,94504727
2456,99460443,94504727
2455,99460443,94504727
2453,99460443,94504727
2452,99460443,94504727
2451,69232390,94504727
2450,69232390,94504727
2449,43614500,94504727
2447,69232390,94504727
2446,99460443,94504727
2445,69232390,94504727
2444,43614500,94504727
2442,99460443,94504727
2440,15790741,94504727
2439,15790741,94504727
2438,69232390,94504727
2435,15790741,94504727
2434,15790741,94504727
2432,69232390,94504727
2431,69232390,94504727
2430,94746638,94504727
2429,81180526,94504727
2428,81180526,94504727
2427,99460443,94504727
2426,69232390,94504727
2425,15790741,94504727
2423,15790741,94504727
2422,15790741,94504727
2421,94746638,94504727
2420,99460443,94504727
2419,99460443,94504727
2418,15790741,94504727
2416,94746638,94504727
2415,94746638,94504727
2414,99460443,94504727
2413,43614500,94504727
2412,81180526,94504727
2411,81180526,94504727
2410,99460443,94504727
2409,99460443,94504727
2408,15790741,94504727
2407,15790741,94504727
2406,99460443,94504727
2405,15790741,94504727
2404,99460443,94504727
2403,99460443,94504727
2402,99460443,94504727
2401,99460443,94504727
2400,99460443,94504727
2398,65326307,94504727
2395,15790741,94504727
2394,15790741,94504727
2393,81180526,94504727
2392,81180526,94504727
2390,99460443,94504727
2388,81180526,94504727
2387,81180526,94504727
2386,15790741,94504727
2385,15790741,94504727
2384,99460443,94504727
2383,99460443,94504727
2382,99460443,94504727
2381,15790741,94504727
2380,15790741,94504727
2379,69232390,94504727
2377,69232390,94504727
2376,99460443,94504727
2375,99460443,94504727
2374,94746638,94504727
2373,69232390,94504727
2372,94746638,94504727
2370,69232390,94504727
2369,81180526,94504727
2368,81180526,94504727
2367,65326307,94504727
2366,94746638,94504727
2365,15790741,94504727
2363,99460443,94504727
2362,99460443,94504727
2361,15790741,94504727
2360,69232390,94504727
2359,81180526,94504727
2358,81180526,94504727
2357,81180526,94504727
2356,81180526,94504727
2355,15790741,94504727
2354,99460443,94504727
2353,69232390,94504727
2352,69232390,94504727
2350,15790741,94504727
2349,15790741,94504727
2348,69232390,94504727
2347,15790741,94504727
2346,15790741,94504727
2345,15790741,94504727
2344,99460443,94504727
2343,94746638,94504727
2342,65326307,94504727
2341,69232390,94504727
2340,99460443,94504727
2338,99460443,94504727
2337,81180526,94504727
2336,81180526,94504727
2335,69232390,94504727
2334,65326307,94504727
2333,69232390,94504727
2331,15790741,94504727
2330,99460443,94504727
2329,69232390,94504727
2328,65326307,94504727
2327,94746638,94504727
2326,94746638,94504727
2324,69232390,94504727
2323,15790741,94504727
2322,15790741,94504727
2321,94746638,94504727
2319,15790741,94504727
2318,69232390,94504727
2317,94746638,94504727
2316,15790741,94504727
2314,69232390,94504727
2313,15790741,94504727
2312,94746638,94504727
2311,94746638,94504727
2309,81180526,94504727
2308,81180526,94504727
2307,15790741,94504727
2306,94746638,94504727
2305,15790741,94504727
2303,15790741,94504727
2302,43614500,94504727
2301,43614500,94504727
2300,81180526,94504727
2299,81180526,94504727
2298,69232390,94504727
2296,15790741,94504727
2295,81180526,94504727
2294,81180526,94504727
2293,43614500,94504727
2290,15790741,94504727
2289,43614500,94504727
2288,69232390,94504727
2287,15790741,94504727
2285,69232390,94504727
2284,69232390,94504727
2283,43614500,94504727
2282,99460443,94504727
2280,81180526,94504727
2279,81180526,94504727
2278,94746638,94504727
2277,94746638,94504727
2276,15790741,94504727
2274,65326307,94504727
2273,15790741,94504727
2271,15790741,94504727
2270,15790741,94504727
2267,99460443,94504727
2266,15790741,94504727
2265,15790741,94504727
2264,99460443,94504727
2261,65326307,94504727
2260,15790741,94504727
2259,69232390,94504727
2258,15790741,94504727
2256,99460443,94504727
2255,15790741,94504727
2254,15790741,94504727
2253,15790741,94504727
2251,43614500,94504727
2250,69232390,94504727
2249,65326307,94504727
2248,15790741,94504727
2245,43614500,94504727
2244,43614500,94504727
2243,43614500,94504727
2242,43614500,94504727
2241,43614500,94504727
2239,99460443,94504727
2238,43614500,94504727
2236,99460443,94504727
2235,65326307,94504727
2234,94746638,94504727
2233,81180526,94504727
2232,81180526,94504727
2231,15790741,94504727
2230,69232390,94504727
2229,69232390,94504727
2228,15790741,94504727
2227,94746638,94504727
2226,94746638,94504727
2225,15790741,94504727
2224,15790741,94504727
2221,99460443,94504727
2220,99460443,94504727
2219,94746638,94504727
2217,99460443,94504727
2215,15790741,94504727
2213,94746638,94504727
2212,81180526,94504727
2211,81180526,94504727
2210,69232390,94504727
2209,69232390,94504727
2208,15790741,94504727
2207,69232390,94504727
2206,15790741,94504727
2205,15790741,94504727
2204,15790741,94504727
2203,65326307,94504727
2202,43614500,94504727
2201,43614500,94504727
2200,65326307,94504727
2199,15790741,94504727
2197,15790741,94504727
2196,15790741,94504727
2195,81180526,94504727
2194,81180526,94504727
2193,69232390,94504727
2192,15790741,94504727
2189,94746638,94504727
2188,94746638,94504727
2186,99460443,94504727
2185,99460443,94504727
2183,15790741,94504727
2182,94746638,94504727
2181,65326307,94504727
2179,43614500,94504727
2178,65326307,94504727
2175,15790741,94504727
2174,81180526,94504727
2173,81180526,94504727
2171,69232390,94504727
2170,69232390,94504727
2169,99460443,94504727
2168,99460443,94504727
2166,15790741,94504727
2165,94746638,94504727
2164,94746638,94504727
2162,94746638,94504727
2161,69232390,94504727
2160,69232390,94504727
2159,65326307,94504727
2158,69232390,94504727
2155,69232390,94504727
2154,43614500,94504727
2153,69232390,94504727
2152,15790741,94504727
2151,99460443,94504727
2150,99460443,94504727
2149,99460443,94504727
2148,15790741,94504727
2147,94746638,94504727
2146,94746638,94504727
2144,99460443,94504727
2142,48777125,94504727
2141,69232390,94504727
2140,43614500,94504727
2139,48777125,94504727
2137,69232390,94504727
2136,69232390,94504727
2135,15790741,94504727
2133,81180526,94504727
2132,81180526,94504727
2131,69232390,94504727
2130,48777125,94504727
2129,43614500,94504727
2128,43614500,94504727
2123,69232390,94504727
2122,43614500,94504727
2121,43614500,94504727
2119,48777125,94504727
2118,15790741,94504727
2117,81180526,94504727
2116,81180526,94504727
2115,69232390,94504727
2114,94746638,94504727
2113,94746638,94504727
2112,99460443,94504727
2111,69232390,94504727
2110,69232390,94504727
2109,48777125,94504727
2108,48777125,94504727
2107,43614500,94504727
2105,15790741,94504727
2104,48777125,94504727
2103,48777125,94504727
2102,69232390,94504727
2101,81180526,94504727
2100,81180526,94504727
2098,48777125,94504727
2097,48777125,94504727
2096,43614500,94504727
2095,43614500,94504727
2094,69232390,94504727
2093,43614500,94504727
2092,65326307,94504727
2091,48777125,94504727
2090,94746638,94504727
2089,94746638,94504727
2088,15790741,94504727
2087,81180526,94504727
2086,81180526,94504727
2085,48777125,94504727
2084,99460443,94504727
2083,43614500,94504727
2082,81180526,94504727
2081,81180526,94504727
2080,94746638,94504727
2079,94746638,94504727
2078,69232390,94504727
2077,81180526,94504727
2076,81180526,94504727
2075,48777125,94504727
2074,15790741,94504727
2073,48777125,94504727
2072,48777125,94504727
2071,15790741,94504727
2070,48777125,94504727
2069,48777125,94504727
2068,48777125,94504727
2067,99460443,94504727
2064,94746638,94504727
2063,94746638,94504727
2062,69232390,94504727
2061,99460443,94504727
2060,15790741,94504727
2058,15790741,94504727
2057,15790741,94504727
2055,94746638,94504727
2054,94746638,94504727
2053,94746638,94504727
2052,94746638,94504727
2051,94746638,94504727
2050,94746638,94504727
2049,99460443,94504727
2048,99460443,94504727
2047,99460443,94504727
2045,65326307,94504727
2044,43614500,94504727
2043,99460443,94504727
2042,99460443,94504727
2041,94746638,94504727
2040,99460443,94504727
2038,69232390,94504727
2036,65326307,94504727
2035,94746638,94504727
2034,15790741,94504727
2033,15790741,94504727
2032,99460443,94504727
2031,15790741,94504727
2030,15790741,94504727
2029,43614500,94504727
2028,15790741,94504727
2026,69232390,94504727
2025,69232390,94504727
2024,43614500,94504727
2023,43614500,94504727
2022,15790741,94504727
2020,69232390,94504727
2019,69232390,94504727
2018,69232390,94504727
2017,69232390,94504727
2016,15790741,94504727
2011,15790741,94504727
2009,94746638,94504727
2008,94746638,94504727
2007,69232390,94504727
2004,94746638,94504727
2003,65326307,94504727
2001,99460443,94504727
2000,69232390,94504727
1999,99460443,94504727
1997,99460443,94504727
1996,15790741,94504727
1992,4490687,94504727
1991,43614500,94504727
1990,99460443,94504727
1989,81180526,94504727
1988,81180526,94504727
1986,94746638,94504727
1985,94746638,94504727
1984,94746638,94504727
1983,94746638,94504727
1982,94746638,94504727
1981,94746638,94504727
1980,15790741,94504727
1978,69232390,94504727
1977,15790741,94504727
1976,69232390,94504727
1975,69232390,94504727
1974,99460443,94504727
1973,99460443,94504727
1972,99460443,94504727
1971,99460443,94504727
1970,99460443,94504727
1967,99460443,94504727
1966,65326307,94504727
1964,69232390,94504727
1963,69232390,94504727
1962,94746638,94504727
1961,94746638,94504727
1958,69232390,94504727
1957,81180526,94504727
1956,81180526,94504727
1955,69232390,94504727
1954,94746638,94504727
1953,69232390,94504727
1952,99460443,94504727
1951,99460443,94504727
1950,15790741,94504727
1948,99460443,94504727
1945,99460443,94504727
1944,15790741,94504727
1943,69232390,94504727
1942,94746638,94504727
1941,15790741,94504727
1939,94746638,94504727
1938,99460443,94504727
1937,65326307,94504727
1936,94746638,94504727
1935,94746638,94504727
1934,99460443,94504727
1933,15790741,94504727
1931,15790741,94504727
1930,65326307,94504727
1929,65326307,94504727
1925,81180526,94504727
1924,81180526,94504727
1923,65326307,94504727
1922,15790741,94504727
1921,99460443,94504727
1920,15790741,94504727
1919,94746638,94504727
1918,94746638,94504727
1917,65326307,94504727
1916,15790741,94504727
1915,15790741,94504727
1913,15790741,94504727
1912,15790741,94504727
1911,99460443,94504727
1910,99460443,94504727
1909,15790741,94504727
1908,69232390,94504727
1906,94746638,94504727
1905,99460443,94504727
1904,99460443,94504727
1902,65326307,94504727
1901,99460443,94504727
1900,99460443,94504727
1899,81180526,94504727
1898,81180526,94504727
1897,15790741,94504727
1896,15790741,94504727
1894,15790741,94504727
1893,15790741,94504727
1892,15790741,94504727
1891,15790741,94504727
1890,94746638,94504727
1889,15790741,94504727
1887,94746638,94504727
1885,15790741,94504727
1884,15790741,94504727
1883,65326307,94504727
1879,43614500,94504727
1878,43614500,94504727
1877,81180526,94504727
1876,81180526,94504727
1874,94746638,94504727
1873,94746638,94504727
1872,69232390,94504727
1871,69232390,94504727
1870,81180526,94504727
1868,99460443,94504727
1867,81180526,94504727
1866,81180526,94504727
1865,99460443,94504727
1864,65326307,94504727
1863,65326307,94504727
1862,69232390,94504727
1860,15790741,94504727
1859,43614500,94504727
1858,99460443,94504727
1857,69232390,94504727
1856,69232390,94504727
1855,15790741,94504727
1854,15790741,94504727
1853,15790741,94504727
1852,43614500,94504727
1851,43614500,94504727
1850,69232390,94504727
1848,15790741,94504727
1847,15790741,94504727
1846,43614500,94504727
1840,99460443,94504727
1838,15790741,94504727
1837,15790741,94504727
1836,15790741,94504727
1835,15790741,94504727
1834,15790741,94504727
1833,15790741,94504727
1832,15790741,94504727
1830,15790741,94504727
1829,69232390,94504727
1828,99460443,94504727
1826,65326307,94504727
1825,43614500,94504727
1824,94746638,94504727
1823,15790741,94504727
1822,99460443,94504727
1821,69232390,94504727
1817,99460443,94504727
1816,65326307,94504727
1815,69232390,94504727
1814,94746638,94504727
1813,94746638,94504727
1811,43614500,94504727
1810,99460443,94504727
1809,65326307,94504727
1808,65326307,94504727
1807,43614500,94504727
1806,43614500,94504727
1805,69232390,94504727
1804,99460443,94504727
1803,69232390,94504727
1801,94746638,94504727
1799,94746638,94504727
1797,43614500,94504727
1796,94746638,94504727
1795,69232390,94504727
1794,99460443,94504727
1793,69232390,94504727
1792,69232390,94504727
1791,99460443,94504727
1790,15790741,94504727
1789,65326307,94504727
1788,43614500,94504727
1787,15790741,94504727
1786,15790741,94504727
1784,15790741,94504727
1783,15790741,94504727
1782,15790741,94504727
1781,43614500,94504727
1780,99460443,94504727
1778,43614500,94504727
1777,99460443,94504727
1776,94746638,94504727
1775,15790741,94504727
1774,15790741,94504727
1773,69232390,94504727
1772,99460443,94504727
1771,43614500,94504727
1770,43614500,94504727
1769,43614500,94504727
1768,15790741,94504727
1767,15790741,94504727
1766,43614500,94504727
1765,69232390,94504727
1764,65326307,94504727
1763,43614500,94504727
1762,15790741,94504727
1761,15790741,94504727
1760,15790741,94504727
1759,15790741,94504727
1758,99460443,94504727
1756,94746638,94504727
1755,94746638,94504727
1754,65326307,94504727
1752,65326307,94504727
1750,99460443,94504727
1749,15790741,94504727
1747,99460443,94504727
1745,15790741,94504727
1744,69232390,94504727
1743,94746638,94504727
1742,15790741,94504727
1741,69232390,94504727
1740,65326307,94504727
1739,99460443,94504727
1737,15790741,94504727
1736,15790741,94504727
1735,15790741,94504727
1734,15790741,94504727
1733,99460443,94504727
1732,99460443,94504727
1731,99460443,94504727
1730,15790741,94504727
1729,69232390,94504727
1728,65326307,94504727
1727,69232390,94504727
1725,21760709,94504727
1724,21760709,94504727
1723,15790741,94504727
1722,43614500,94504727
1721,99460443,94504727
1720,43614500,94504727
1719,43614500,94504727
1718,21760709,94504727
1716,15790741,94504727
1715,69232390,94504727
1714,21760709,94504727
1713,69232390,94504727
1712,43614500,94504727
1707,15790741,94504727
1706,15790741,94504727
1705,15790741,94504727
1704,15790741,94504727
1702,15790741,94504727
1701,99460443,94504727
1700,99460443,94504727
1699,43614500,94504727
1698,43614500,94504727
1696,43614500,94504727
1695,43614500,94504727
1694,43614500,94504727
1693,69232390,94504727
1692,15790741,94504727
1691,15790741,94504727
1689,65326307,94504727
1688,99460443,94504727
1687,15790741,94504727
1686,69232390,94504727
1685,43614500,94504727
1683,43614500,94504727
1682,69232390,94504727
1681,69232390,94504727
1680,69232390,94504727
1679,43614500,94504727
1678,15790741,94504727
1676,43614500,94504727
1675,43614500,94504727
1674,15790741,94504727
1673,15790741,94504727
1672,15790741,94504727
1671,15790741,94504727
1665,69232390,94504727
1664,15790741,94504727
1663,69232390,94504727
1662,94746638,94504727
1661,69232390,94504727
1660,69232390,94504727
1659,43614500,94504727
1658,15790741,94504727
1656,65326307,94504727
1655,99460443,94504727
1654,99460443,94504727
1652,43614500,94504727
1651,15790741,94504727
1650,15790741,94504727
1649,94746638,94504727
1648,99460443,94504727
1647,69232390,94504727
1645,15790741,94504727
1644,15790741,94504727
1643,15790741,94504727
1642,99460443,94504727
1641,99460443,94504727
1639,81180526,94504727
1638,43614500,94504727
1637,43614500,94504727
1636,43614500,94504727
1635,15790741,94504727
1634,43614500,94504727
1633,69232390,94504727
1632,15790741,94504727
1631,15790741,94504727
1629,43614500,94504727
1628,15790741,94504727
1626,43614500,94504727
1625,43614500,94504727
1624,15790741,94504727
1623,43614500,94504727
1622,69232390,94504727
1621,15790741,94504727
1620,69232390,94504727
1619,99460443,94504727
1618,65326307,94504727
1617,65326307,94504727
1616,43614500,94504727
1615,69232390,94504727
1614,69232390,94504727
1612,65326307,94504727
1611,99460443,94504727
1610,94746638,94504727
1609,99460443,94504727
1608,81180526,94504727
1607,81180526,94504727
1606,15790741,94504727
1605,99460443,94504727
1603,69232390,94504727
1602,94746638,94504727
1600,43614500,94504727
1599,43614500,94504727
1598,15790741,94504727
1596,69232390,94504727
1595,15790741,94504727
1594,43614500,94504727
1593,43614500,94504727
1592,43614500,94504727
1591,15790741,94504727
1590,43614500,94504727
1588,15790741,94504727
1587,65326307,94504727
1586,81180526,94504727
1585,43614500,94504727
1584,65326307,94504727
1583,15790741,94504727
1582,65326307,94504727
1581,99460443,94504727
1579,15790741,94504727
1578,43614500,94504727
1577,43614500,94504727
1576,15790741,94504727
1575,69232390,94504727
1574,15790741,94504727
1572,43614500,94504727
1571,94746638,94504727
1570,94746638,94504727
1568,69232390,94504727
1567,81180526,94504727
1566,15790741,94504727
1565,69232390,94504727
1564,69232390,94504727
1562,81180526,94504727
1561,81180526,94504727
1560,43614500,94504727
1559,81180526,94504727
1558,81180526,94504727
1557,15790741,94504727
1556,43614500,94504727
1555,15790741,94504727
1554,15790741,94504727
1553,99460443,94504727
1552,15790741,94504727
1550,43446216,94504727
1549,43614500,94504727
1548,43614500,94504727
1547,99460443,94504727
1546,69232390,94504727
1545,99460443,94504727
1544,94746638,94504727
1543,94746638,94504727
1541,65326307,94504727
1540,15790741,94504727
1539,43614500,94504727
1538,43614500,94504727
1536,43614500,94504727
1534,99460443,94504727
1533,15790741,94504727
1532,15790741,94504727
1531,43614500,94504727
1530,15790741,94504727
1529,15790741,94504727
1528,69232390,94504727
1527,43614500,94504727
1526,99460443,94504727
1525,43446216,94504727
1524,15790741,94504727
1522,43614500,94504727
1521,43614500,94504727
1520,43614500,94504727
1519,43614500,94504727
1518,69232390,94504727
1517,43614500,94504727
1516,43614500,94504727
1515,15790741,94504727
1514,69232390,94504727
1513,15790741,94504727
1512,99460443,94504727
1511,43614500,94504727
1509,43614500,94504727
1506,69232390,94504727
1505,4490687,94504727
1504,4490687,94504727
1503,15790741,94504727
1502,81180526,94504727
1501,81180526,94504727
1500,43614500,94504727
1498,99460443,94504727
1496,43614500,94504727
1495,43614500,94504727
1494,43614500,94504727
1493,43614500,94504727
1492,43614500,94504727
1491,15790741,94504727
1490,69232390,94504727
1489,99460443,94504727
1488,99460443,94504727
1485,43446216,94504727
1484,15790741,94504727
1483,43614500,94504727
1482,94746638,94504727
1481,94746638,94504727
1480,94746638,94504727
1479,81180526,94504727
1478,81180526,94504727
1477,94746638,94504727
1476,69232390,94504727
1475,94746638,94504727
1474,43614500,94504727
1473,99460443,94504727
1472,69232390,94504727
1471,94746638,94504727
1469,15790741,94504727
1468,15790741,94504727
1467,43614500,94504727
1466,43614500,94504727
1465,43614500,94504727
1464,94746638,94504727
1463,94746638,94504727
1462,43614500,94504727
1460,15790741,94504727
1459,94746638,94504727
1458,43614500,94504727
1457,43614500,94504727
1456,43614500,94504727
1454,94746638,94504727
1453,94746638,94504727
1451,15790741,94504727
1450,15790741,94504727
1449,99460443,94504727
1447,81180526,94504727
1446,81180526,94504727
1445,43614500,94504727
1444,15790741,94504727
1443,15790741,94504727
1442,15790741,94504727
1441,43446216,94504727
1440,43614500,94504727
1438,81180526,94504727
1437,81180526,94504727
1436,99460443,94504727
1435,43614500,94504727
1434,43614500,94504727
1433,15790741,94504727
1432,15790741,94504727
1431,43614500,94504727
1428,15790741,94504727
1427,43614500,94504727
1426,43614500,94504727
1425,69232390,94504727
1424,15790741,94504727
1422,81180526,94504727
1421,81180526,94504727
1420,69232390,94504727
1419,15790741,94504727
1418,43446216,94504727
1417,94746638,94504727
1416,94746638,94504727
1415,15790741,94504727
1414,15790741,94504727
1413,15790741,94504727
1412,99460443,94504727
1411,43614500,94504727
1408,15790741,94504727
1407,99460443,94504727
1406,81180526,94504727
1405,81180526,94504727
1404,15790741,94504727
1403,15790741,94504727
1401,43614500,94504727
1400,43614500,94504727
1399,81180526,94504727
1398,81180526,94504727
1397,15790741,94504727
1396,99460443,94504727
1395,62750259,94504727
1394,15790741,94504727
1393,81180526,94504727
1392,81180526,94504727
1390,43614500,94504727
1389,15790741,94504727
1388,15790741,94504727
1387,15790741,94504727
1386,99460443,94504727
1385,43614500,94504727
1384,43614500,94504727
1383,43614500,94504727
1382,94746638,94504727
1381,94746638,94504727
1380,15790741,94504727
1379,43614500,94504727
1378,43614500,94504727
1376,99460443,94504727
1373,94746638,94504727
1372,94746638,94504727
1371,43614500,94504727
1370,43614500,94504727
1369,15790741,94504727
1368,15790741,94504727
1367,15790741,94504727
1366,15790741,94504727
1365,99460443,94504727
1364,94746638,94504727
1362,81180526,94504727
1361,81180526,94504727
1360,15790741,94504727
1359,15790741,94504727
1358,43614500,94504727
1357,65326307,94504727
1356,43614500,94504727
1355,69232390,94504727
1354,99460443,94504727
1353,15790741,94504727
1352,81180526,94504727
1351,99460443,94504727
1349,69232390,94504727
1348,65326307,94504727
1347,81180526,94504727
1346,81180526,94504727
1345,94746638,94504727
1344,15790741,94504727
1343,69232390,94504727
1342,81180526,94504727
1340,15790741,94504727
1339,43614500,94504727
1338,43614500,94504727
1337,15790741,94504727
1336,99460443,94504727
1334,94746638,94504727
1333,43446216,94504727
1332,43446216,94504727
1331,81180526,94504727
1330,81180526,94504727
1329,15790741,94504727
1328,94746638,94504727
1327,94746638,94504727
1326,15790741,94504727
1325,15790741,94504727
1324,15790741,94504727
1323,99460443,94504727
1322,15790741,94504727
1320,43614500,94504727
1318,65326307,94504727
1317,43614500,94504727
1316,43614500,94504727
1315,43614500,94504727
1314,15790741,94504727
1313,43614500,94504727
1312,43614500,94504727
1311,99460443,94504727
1310,43446216,94504727
1309,81180526,94504727
1308,81180526,94504727
1307,94746638,94504727
1306,43614500,94504727
1305,15790741,94504727
1304,65326307,94504727
1303,94746638,94504727
1302,94746638,94504727
1301,43614500,94504727
1300,94746638,94504727
1299,94746638,94504727
1297,81180526,94504727
1296,81180526,94504727
1295,65326307,94504727
1294,99460443,94504727
1293,99460443,94504727
1291,94746638,94504727
1290,94746638,94504727
1289,94746638,94504727
1288,94746638,94504727
1286,43446216,94504727
1285,43614500,94504727
1284,43614500,94504727
1283,94746638,94504727
1282,81180526,94504727
1281,15790741,94504727
1279,69232390,94504727
1278,99460443,94504727
1277,69232390,94504727
1276,81180526,94504727
1275,81180526,94504727
1274,81180526,94504727
1273,81180526,94504727
1272,65326307,94504727
1271,81180526,94504727
1270,43446216,94504727
1267,65326307,94504727
1266,15790741,94504727
1265,15790741,94504727
1264,94746638,94504727
1263,81180526,94504727
1262,81180526,94504727
1261,99460443,94504727
1260,99460443,94504727
1259,15790741,94504727
1258,81180526,94504727
1257,81180526,94504727
1256,69232390,94504727
1254,81180526,94504727
1253,81180526,94504727
1252,15790741,94504727
1251,15790741,94504727
1250,81180526,94504727
1248,94746638,94504727
1247,94746638,94504727
1246,94746638,94504727
1245,81180526,94504727
1244,43614500,94504727
1243,15790741,94504727
1242,43614500,94504727
1241,99460443,94504727
1240,65326307,94504727
1239,81180526,94504727
1238,81180526,94504727
1236,43614500,94504727
1235,15790741,94504727
1234,15790741,94504727
1232,99460443,94504727
1231,99460443,94504727
1230,81180526,94504727
1229,43446216,94504727
1228,15790741,94504727
1227,99460443,94504727
1226,99460443,94504727
1225,15790741,94504727
1224,81180526,94504727
1223,15790741,94504727
1222,15790741,94504727
1221,81180526,94504727
1219,15790741,94504727
1217,15790741,94504727
1215,43614500,94504727
1214,43614500,94504727
1213,15790741,94504727
1212,99460443,94504727
1211,43446216,94504727
1210,94746638,94504727
1209,94746638,94504727
1207,43614500,94504727
1206,69232390,94504727
1205,15790741,94504727
1204,81180526,94504727
1203,43614500,94504727
1202,81180526,94504727
1201,81180526,94504727
1200,94746638,94504727
1199,94746638,94504727
1198,99460443,94504727
1197,99460443,94504727
1195,43614500,94504727
1194,43614500,94504727
1193,43446216,94504727
1192,43614500,94504727
1191,99460443,94504727
1190,99460443,94504727
1189,94746638,94504727
1188,81180526,94504727
1187,81180526,94504727
1186,15790741,94504727
1185,99460443,94504727
1184,15790741,94504727
1183,94746638,94504727
1182,94746638,94504727
1181,81180526,94504727
1180,81180526,94504727
1179,94746638,94504727
1178,43446216,94504727
1176,65326307,94504727
1175,99460443,94504727
1174,94746638,94504727
1173,81180526,94504727
1172,81180526,94504727
1171,15790741,94504727
1170,15790741,94504727
1169,15790741,94504727
1168,15790741,94504727
1167,43614500,94504727
1166,65326307,94504727
1165,65326307,94504727
1164,99460443,94504727
1163,69232390,94504727
1162,69232390,94504727
1161,94746638,94504727
1160,94746638,94504727
1159,94746638,94504727
1158,94746638,94504727
1156,15790741,94504727
1155,65326307,94504727
1154,65326307,94504727
1153,69232390,94504727
1151,99460443,94504727
1150,99460443,94504727
1149,43614500,94504727
1148,43614500,94504727
1147,81180526,94504727
1146,81180526,94504727
1145,69232390,94504727
1144,15790741,94504727
1143,43614500,94504727
1142,81180526,94504727
1141,81180526,94504727
1140,99460443,94504727
1139,94746638,94504727
1137,94746638,94504727
1136,94746638,94504727
1135,15790741,94504727
1134,15790741,94504727
1133,15790741,94504727
1132,15790741,94504727
1131,43614500,94504727
1130,43614500,94504727
1129,43614500,94504727
1128,43446216,94504727
1127,15790741,94504727
1125,43614500,94504727
1124,15790741,94504727
1123,43446216,94504727
1122,43614500,94504727
1119,43614500,94504727
1118,15790741,94504727
1117,15790741,94504727
1116,65326307,94504727
1115,15790741,94504727
1114,99460443,94504727
1113,99460443,94504727
1112,94746638,94504727
1111,15790741,94504727
1110,15790741,94504727
1109,15790741,94504727
1108,15790741,94504727
1107,15790741,94504727
1106,65326307,94504727
1104,15790741,94504727
1103,43614500,94504727
1102,43614500,94504727
1101,15790741,94504727
1100,15790741,94504727
1099,15790741,94504727
1098,65326307,94504727
1097,65326307,94504727
1096,43614500,94504727
1095,43614500,94504727
1094,43614500,94504727
1093,65326307,94504727
1092,43614500,94504727
1091,43614500,94504727
1090,65326307,94504727
1088,43614500,94504727
1087,43614500,94504727
1086,43614500,94504727
1085,43614500,94504727
1083,15790741,94504727
1082,99460443,94504727
1081,69232390,94504727
1080,94746638,94504727
1079,99460443,94504727
1078,15790741,94504727
1077,15790741,94504727
1075,99460443,94504727
1074,99460443,94504727
1073,15790741,94504727
1072,95261354,94504727
1071,15790741,94504727
1070,15790741,94504727
1068,43614500,94504727
1067,65326307,94504727
1066,65326307,94504727
1065,43614500,94504727
1064,65326307,94504727
1062,43614500,94504727
1061,43614500,94504727
1060,43614500,94504727
1059,15790741,94504727
1058,69232390,94504727
1057,99460443,94504727
1056,43614500,94504727
1055,15790741,94504727
1054,15790741,94504727
1053,43614500,94504727
1052,94746638,94504727
1051,15790741,94504727
1050,15790741,94504727
1049,15790741,94504727
1048,99460443,94504727
1047,43614500,94504727
1046,43614500,94504727
1045,99460443,94504727
1044,99460443,94504727
1043,99460443,94504727
1042,69232390,94504727
1041,69232390,94504727
1040,65326307,94504727
1039,65326307,94504727
1038,65326307,94504727
1037,69232390,94504727
1036,69232390,94504727
1035,15790741,94504727
1034,65326307,94504727
1033,65326307,94504727
1032,65326307,94504727
1031,94746638,94504727
1030,94746638,94504727
1029,94746638,94504727
1028,94746638,94504727
1027,94746638,94504727
1026,99460443,94504727
1025,65326307,94504727
1024,94746638,94504727
1023,69232390,94504727
1022,69232390,94504727
1021,65326307,94504727
1020,15790741,94504727
1019,99460443,94504727
1018,15790741,94504727
1017,15790741,94504727
1016,15790741,94504727
1015,15790741,94504727
1014,15790741,94504727
1013,15790741,94504727
1012,15790741,94504727
1011,15790741,94504727
1010,99460443,94504727
1009,99460443,94504727
1008,69232390,94504727
1007,65326307,94504727
1006,65326307,94504727
1005,99460443,94504727
1004,99460443,94504727
1003,69232390,94504727
1001,99460443,94504727
1000,15790741,94504727
999,15790741,94504727
998,69232390,94504727
997,94746638,94504727
994,65326307,94504727
993,65326307,94504727
992,69232390,94504727
991,69232390,94504727
989,43446216,94504727
988,99460443,94504727
987,69232390,94504727
986,65326307,94504727
983,69232390,94504727
982,15790741,94504727
981,65326307,94504727
980,69232390,94504727
979,94746638,94504727
978,65326307,94504727
977,94746638,94504727
976,94746638,94504727
973,99460443,94504727
972,99460443,94504727
971,15790741,94504727
970,15790741,94504727
969,15790741,94504727
965,94746638,94504727
964,94746638,94504727
963,15790741,94504727
962,15790741,94504727
961,69232390,94504727
960,15790741,94504727
959,15790741,94504727
956,43446216,94504727
955,69232390,94504727
954,69232390,94504727
953,15790741,94504727
952,15790741,94504727
951,65326307,94504727
950,65326307,94504727
949,99460443,94504727
948,69232390,94504727
947,69232390,94504727
944,15790741,94504727
943,99460443,94504727
942,99460443,94504727
941,99460443,94504727
940,94746638,94504727
939,94746638,94504727
938,15790741,94504727
937,43446216,94504727
936,94746638,94504727
935,69232390,94504727
934,15790741,94504727
933,69232390,94504727
932,94746638,94504727
931,65326307,94504727
930,65326307,94504727
929,69232390,94504727
927,65326307,94504727
926,65326307,94504727
925,99460443,94504727
924,94746638,94504727
921,99460443,94504727
920,43446216,94504727
919,43446216,94504727
918,69232390,94504727
917,99460443,94504727
916,69232390,94504727
914,65326307,94504727
913,65326307,94504727
912,99460443,94504727
911,94746638,94504727
910,94746638,94504727
909,94746638,94504727
906,69232390,94504727
903,65326307,94504727
900,69232390,94504727
899,94746638,94504727
898,65326307,94504727
897,65326307,94504727
896,65326307,94504727
894,99460443,94504727
893,99460443,94504727
892,99460443,94504727
891,99460443,94504727
890,94746638,94504727
889,43446216,94504727
887,43446216,94504727
886,99460443,94504727
885,99460443,94504727
884,99460443,94504727
882,43446216,94504727
880,43446216,94504727
879,69232390,94504727
878,99460443,94504727
877,43446216,94504727
876,69232390,94504727
875,94746638,94504727
874,99460443,94504727
872,43446216,94504727
871,43446216,94504727
870,43446216,94504727
869,43446216,94504727
868,43446216,94504727
867,43446216,94504727
866,43446216,94504727
865,43446216,94504727
864,43446216,94504727
863,43446216,94504727
862,43446216,94504727
860,99460443,94504727
859,69232390,94504727
858,43446216,94504727
857,69232390,94504727
856,65326307,94504727
855,65326307,94504727
854,65326307,94504727
853,65326307,94504727
852,65326307,94504727
850,69232390,94504727
849,99460443,94504727
848,94746638,94504727
847,94746638,94504727
846,94746638,94504727
845,94746638,94504727
844,94746638,94504727
843,94746638,94504727
842,94746638,94504727
836,69232390,94504727
835,69232390,94504727
834,69232390,94504727
833,43446216,94504727
832,15790741,94504727
826,69232390,94504727
825,69232390,94504727
824,69232390,94504727
823,15790741,94504727
822,15790741,94504727
821,94746638,94504727
820,69232390,94504727
819,99460443,94504727
809,65326307,94504727
808,65326307,94504727
807,65326307,94504727
806,65326307,94504727
805,65326307,94504727
804,94746638,94504727
803,94746638,94504727
802,43446216,94504727
800,43446216,94504727
797,99460443,94504727
796,99460443,94504727
791,99460443,94504727
790,43446216,94504727
789,94746638,94504727
788,94746638,94504727
784,69232390,94504727
783,69232390,94504727
782,94746638,94504727
781,94746638,94504727
779,94746638,94504727
776,69232390,94504727
775,99460443,94504727
767,99460443,94504727
764,94746638,94504727
757,94746638,94504727
754,94746638,94504727
744,99460443,94504727
742,69232390,94504727
741,69232390,94504727
740,99460443,94504727
739,99460443,94504727
738,69232390,94504727
737,99460443,94504727
736,99460443,94504727
734,69232390,94504727
729,4490687,94504727
727,65326307,94504727
725,94746638,94504727
724,43614500,94504727
723,15790741,94504727
722,99460443,94504727
721,65326307,94504727
720,65326307,94504727
719,65326307,94504727
716,99460443,94504727
713,99460443,94504727
712,94746638,94504727
711,94746638,94504727
710,65326307,94504727
708,65326307,94504727
707,65326307,94504727
706,65326307,94504727
702,99460443,94504727
700,69232390,94504727
697,99460443,94504727
691,99460443,94504727
688,69232390,94504727
682,94746638,94504727
681,94746638,94504727
679,94746638,94504727
678,69232390,94504727
677,15790741,94504727
675,99460443,94504727
672,69232390,94504727
670,69232390,94504727
668,15790741,94504727
667,94746638,94504727
665,99460443,94504727
664,94746638,94504727
663,99460443,94504727
662,65326307,94504727
660,15790741,94504727
659,69232390,94504727
658,15790741,94504727
657,65326307,94504727
655,99460443,94504727
653,15790741,94504727
652,94746638,94504727
651,15790741,94504727
650,15790741,94504727
649,15790741,94504727
648,69232390,94504727
646,99460443,94504727
641,65326307,94504727
640,65326307,94504727
639,15790741,94504727
637,15790741,94504727
635,15790741,94504727
634,94746638,94504727
633,94746638,94504727
632,94746638,94504727
631,69232390,94504727
630,94746638,94504727
626,94746638,94504727
625,94746638,94504727
624,15790741,94504727
623,43614500,94504727
621,15790741,94504727
619,69232390,94504727
618,99460443,94504727
617,99460443,94504727
614,99460443,94504727
612,99460443,94504727
611,99460443,94504727
610,94746638,94504727
609,94746638,94504727
608,99460443,94504727
607,99460443,94504727
606,15790741,94504727
604,94746638,94504727
603,94746638,94504727
602,15790741,94504727
601,15790741,94504727
600,99460443,94504727
599,15790741,94504727
598,43614500,94504727
597,93372467,94504727
596,15790741,94504727
595,15790741,94504727
594,43614500,94504727
593,99460443,94504727
592,43614500,94504727
591,43614500,94504727
590,43614500,94504727
589,4490687,94504727
588,4490687,94504727
585,69232390,94504727
584,69232390,94504727
583,43614500,94504727
582,94746638,94504727
581,94746638,94504727
580,4490687,94504727
579,15790741,94504727
578,15790741,94504727
577,15790741,94504727
575,65326307,94504727
572,76364455,94504727
571,43614500,94504727
569,15790741,94504727
568,15790741,94504727
567,94746638,94504727
566,94746638,94504727
565,15790741,94504727
564,43614500,94504727
563,43614500,94504727
562,15790741,94504727
561,15790741,94504727
560,65326307,94504727
558,43614500,94504727
556,69232390,94504727
555,94746638,94504727
554,94746638,94504727
552,43614500,94504727
551,94746638,94504727
550,69232390,94504727
549,65326307,94504727
548,65326307,94504727
547,43614500,94504727
546,69232390,94504727
545,69232390,94504727
544,93372467,94504727
543,93372467,94504727
542,93372467,94504727
541,65326307,94504727
540,65326307,94504727
539,69232390,94504727
538,43614500,94504727
537,43614500,94504727
536,4490687,94504727
535,4490687,94504727
534,43614500,94504727
533,69232390,94504727
532,43614500,94504727
531,94746638,94504727
526,69232390,94504727
523,5117089,94504727
522,4490687,94504727
521,99460443,94504727
520,69232390,94504727
519,65326307,94504727
517,65326307,94504727
515,69232390,94504727
514,43614500,94504727
513,99460443,94504727
512,43614500,94504727
511,43614500,94504727
510,65326307,94504727
508,69232390,94504727
507,43614500,94504727
506,43614500,94504727
505,69232390,94504727
504,43614500,94504727
503,69232390,94504727
502,43614500,94504727
501,99460443,94504727
500,65326307,94504727
499,43614500,94504727
498,69232390,94504727
497,43614500,94504727
496,43614500,94504727
495,69232390,94504727
493,43614500,94504727
492,43614500,94504727
491,43614500,94504727
490,43614500,94504727
489,43614500,94504727
488,43614500,94504727
487,43614500,94504727
486,69232390,94504727
485,43614500,94504727
484,43614500,94504727
483,94746638,94504727
482,94746638,94504727
481,69232390,94504727
478,99460443,94504727
477,65326307,94504727
476,65326307,94504727
475,76364455,94504727
474,93372467,94504727
473,65326307,94504727
472,65326307,94504727
471,65326307,94504727
470,65326307,94504727
469,99460443,94504727
468,99460443,94504727
467,99460443,94504727
466,99460443,94504727
465,99460443,94504727
464,99460443,94504727
463,99460443,94504727
462,99460443,94504727
461,69232390,94504727
460,69232390,94504727
459,69232390,94504727
458,69232390,94504727
457,69232390,94504727
456,99460443,94504727
455,69232390,94504727
453,43614500,94504727
452,65326307,94504727
451,94746638,94504727
450,94746638,94504727
449,94746638,94504727
448,94746638,94504727
447,94746638,94504727
446,94746638,94504727
445,15790741,94504727
444,4490687,94504727
442,94746638,94504727
441,65326307,94504727
440,65326307,94504727
439,65326307,94504727
438,65326307,94504727
437,65326307,94504727
436,65326307,94504727
435,65326307,94504727
434,65326307,94504727
432,81378332,94504727
431,93372467,94504727
430,65326307,94504727
429,65326307,94504727
428,65326307,94504727
427,93372467,94504727
426,65326307,94504727
425,65326307,94504727
424,76364455,94504727
423,93372467,94504727
422,65326307,94504727
421,76364455,94504727
420,93372467,94504727
412,93372467,94504727
411,93372467,94504727
410,76364455,94504727
409,93372467,94504727
408,76364455,94504727
407,65326307,94504727
406,76364455,94504727
405,76364455,94504727
403,76364455,94504727
401,93289708,94504727
400,94746638,94504727
399,93289708,94504727
398,94746638,94504727
397,94746638,94504727
396,94746638,94504727
395,76364455,94504727
393,4490687,94504727
391,15790741,94504727
389,94746638,94504727
388,94746638,94504727
387,94746638,94504727
386,4490687,94504727
385,4490687,94504727
384,4490687,94504727
383,28416544,94504727
382,28416544,94504727
381,94746638,94504727
380,76364455,94504727
379,4490687,94504727
378,69232390,94504727
377,69232390,94504727
376,83948429,94504727
375,4490687,94504727
372,76364455,94504727
371,76364455,94504727
370,4490687,94504727
369,99460443,94504727
368,4490687,94504727
367,4490687,94504727
366,4490687,94504727
364,94746638,94504727
363,94746638,94504727
362,76364455,94504727
361,15790741,94504727
360,76364455,94504727
359,28416544,94504727
358,8118484,94504727
357,15790741,94504727
356,76364455,94504727
355,15790741,94504727
354,15790741,94504727
353,15790741,94504727
352,94746638,94504727
351,15790741,94504727
350,15790741,94504727
349,4490687,94504727
348,4490687,94504727
346,94746638,94504727
345,4490687,94504727
344,4490687,94504727
342,94746638,94504727
341,28416544,94504727
340,28416544,94504727
339,94746638,94504727
338,94746638,94504727
337,94746638,94504727
336,28416544,94504727
335,83948429,94504727
334,83948429,94504727
333,15790741,94504727
332,83948429,94504727
331,69232390,94504727
330,69232390,94504727
329,94746638,94504727
328,94746638,94504727
327,94746638,94504727
326,83948429,94504727
325,94746638,94504727
324,94746638,94504727
323,94746638,94504727
322,94746638,94504727
321,76364455,94504727
320,69232390,94504727
318,76364455,94504727
317,99460443,94504727
316,76364455,94504727
315,4490687,94504727
314,4490687,94504727
313,4490687,94504727
312,99460443,94504727
311,8118484,94504727
310,4490687,94504727
309,4490687,94504727
308,4490687,94504727
307,28416544,94504727
306,28416544,94504727
305,15790741,94504727
304,15790741,94504727
303,15790741,94504727
300,4490687,94504727
299,4490687,94504727
298,4490687,94504727
297,99460443,94504727
296,99460443,94504727
295,4490687,94504727
294,4490687,94504727
293,15790741,94504727
292,4490687,94504727
291,4490687,94504727
290,4490687,94504727
289,4490687,94504727
288,4490687,94504727
287,15790741,94504727
286,15790741,94504727
285,99460443,94504727
284,4490687,94504727
283,4490687,94504727
282,15790741,94504727
281,76364455,94504727
280,15790741,94504727
279,15790741,94504727
278,4490687,94504727
277,94746638,94504727
276,94746638,94504727
275,4490687,94504727
274,4490687,94504727
273,4490687,94504727
272,4490687,94504727
271,4490687,94504727
270,4490687,94504727
269,4490687,94504727
268,4490687,94504727
267,4490687,94504727
265,94746638,94504727
264,15790741,94504727
263,15790741,94504727
262,15790741,94504727
261,15790741,94504727
260,15790741,94504727
259,76364455,94504727
258,4490687,94504727
257,4490687,94504727
256,4490687,94504727
255,15790741,94504727
254,15790741,94504727
253,15790741,94504727
252,15790741,94504727
251,15790741,94504727
250,15790741,94504727
249,4490687,94504727
248,69232390,94504727
247,94746638,94504727
246,94746638,94504727
245,94746638,94504727
244,4490687,94504727
243,4490687,94504727
242,4490687,94504727
241,81378332,94504727
240,81378332,94504727
239,81378332,94504727
238,81378332,94504727
237,81378332,94504727
236,81378332,94504727
235,81378332,94504727
234,81378332,94504727
233,81378332,94504727
232,81378332,94504727
231,81378332,94504727
230,15790741,94504727
229,99460443,94504727
228,99460443,94504727
227,81378332,94504727
226,4490687,94504727
225,8118484,94504727
224,8118484,94504727
223,15790741,94504727
222,15790741,94504727
221,15790741,94504727
220,15790741,94504727
219,15790741,94504727
218,15790741,94504727
217,99460443,94504727
215,69232390,94504727
214,69232390,94504727
213,76364455,94504727
212,76364455,94504727
211,99460443,94504727
210,15790741,94504727
209,99460443,94504727
208,4490687,94504727
207,94746638,94504727
206,94746638,94504727
205,99460443,94504727
204,76364455,94504727
203,76364455,94504727
201,99460443,94504727
200,76364455,94504727
196,15790741,94504727
195,15790741,94504727
194,94746638,94504727
193,4490687,94504727
192,76364455,94504727
191,76364455,94504727
190,94746638,94504727
189,15790741,94504727
188,76364455,94504727
187,15790741,94504727
186,15790741,94504727
185,15790741,94504727
184,69232390,94504727
183,99460443,94504727
182,4490687,94504727
181,4490687,94504727
180,4490687,94504727
179,15790741,94504727
178,76364455,94504727
177,99460443,94504727
176,99460443,94504727
173,4490687,94504727
172,4490687,94504727
171,15790741,94504727
170,99460443,94504727
169,15790741,94504727
168,99460443,94504727
167,99460443,94504727
166,99460443,94504727
165,99460443,94504727
164,99460443,94504727
163,99460443,94504727
162,99460443,94504727
161,94746638,94504727
160,94746638,94504727
159,69232390,94504727
158,99460443,94504727
157,99460443,94504727
156,4490687,94504727
155,94746638,94504727
154,94746638,94504727
153,69232390,94504727
152,4490687,94504727
151,69232390,94504727
150,94746638,94504727
148,15790741,94504727
147,15790741,94504727
146,15790741,94504727
145,15790741,94504727
144,15790741,94504727
143,94746638,94504727
142,94746638,94504727
141,15790741,94504727
140,69232390,94504727
139,94746638,94504727
138,4490687,94504727
137,4490687,94504727
136,4490687,94504727
135,94746638,94504727
134,94746638,94504727
133,15790741,94504727
132,15790741,94504727
131,15790741,94504727
130,15790741,94504727
129,94746638,94504727
128,15790741,94504727
127,94746638,94504727
126,15790741,94504727
124,15790741,94504727
123,15790741,94504727
122,15790741,94504727
121,15790741,94504727
120,15790741,94504727
119,15790741,94504727
118,15790741,94504727
117,15790741,94504727
116,15790741,94504727
115,15790741,94504727
114,15790741,94504727
113,28416544,94504727
112,99460443,94504727
111,99460443,94504727
110,99460443,94504727
109,99460443,94504727
108,99460443,94504727
107,99460443,94504727
106,99460443,94504727
105,4490687,94504727
104,4490687,94504727
103,4490687,94504727
102,99460443,94504727
101,99460443,94504727
100,99460443,94504727
99,99460443,94504727
98,99460443,94504727
97,99460443,94504727
96,15790741,94504727
95,99460443,94504727
94,99460443,94504727
93,99460443,94504727
92,99460443,94504727
91,99460443,94504727
90,99460443,94504727
89,99460443,94504727
88,99460443,94504727
87,99460443,94504727
86,4490687,94504727
85,4490687,94504727
84,4490687,94504727
83,99460443,94504727
82,99460443,94504727
81,4490687,94504727
80,4490687,94504727
79,4490687,94504727
78,69232390,94504727
77,99460443,94504727
76,4490687,94504727
75,69232390,94504727
74,4490687,94504727
73,4490687,94504727
72,4490687,94504727
71,4490687,94504727
70,4490687,94504727
69,99460443,94504727
68,4490687,94504727
67,4490687,94504727
65,15790741,94504727
64,15790741,94504727
63,4490687,94504727
62,99460443,94504727
61,4490687,94504727
60,4490687,94504727
59,4490687,94504727
58,4490687,94504727
57,15790741,94504727
56,15790741,94504727
55,15790741,94504727
54,4490687,94504727
53,4490687,94504727
52,4490687,94504727
51,4490687,94504727
50,80332697,94504727
49,5117089,94504727
48,30751952,94504727
47,30751952,94504727
46,80332697,94504727
45,5117089,94504727
44,5117089,94504727
43,5117089,94504727
42,81378332,94504727
41,26481399,94504727
40,4490687,94504727
39,3540855,94504727
38,4490687,94504727
37,26481399,94504727
36,4490687,94504727
35,4490687,94504727
34,28416544,94504727
33,28416544,94504727
32,4490687,94504727
31,28416544,94504727
30,81378332,94504727
28,26481399,94504727
27,4490687,94504727
26,4490687,94504727
25,4490687,94504727
24,4490687,94504727
23,8118484,94504727
22,4490687,94504727
21,4490687,94504727
20,4490687,94504727
18,8118484,94504727
17,4490687,94504727
16,4490687,94504727
15,4490687,94504727
840,13685131,94504727
1177,13685131,94504727
1849,13685131,94504727
2263,13685131,94504727
1640,13685131,94504727
1402,13685131,94504727
1703,13685131,94504727
2237,13685131,94504727
749,13685131,94504727
762,13685131,94504727
812,13685131,94504727
1711,13685131,94504727
1002,13685131,94504727
527,13685131,94504727
2247,13685131,94504727
2014,13685131,94504727
2458,13685131,94504727
2125,13685131,94504727
2590,13685131,94504727
2707,13685131,94504727
2623,13685131,94504727
2582,13685131,94504727
2039,13685131,94504727
2006,13685131,94504727
1998,13685131,94504727
2731,13685131,94504727
2310,13685131,94504727
666,13685131,94504727
1268,13685131,94504727
2635,13685131,94504727
418,13685131,94504727
1861,13685131,94504727
709,13685131,94504727
1753,13685131,94504727
433,13685131,94504727
528,13685131,94504727
2126,13685131,94504727
2433,13685131,94504727
417,13685131,94504727
928,13685131,94504727
2065,13685131,94504727
402,13685131,94504727
2066,13685131,94504727
1429,13685131,94504727
985,13685131,94504727
1430,13685131,94504727
683,13685131,94504727
1350,13685131,94504727
198,13685131,94504727
698,13685131,94504727
1940,13685131,94504727
699,13685131,94504727
772,13685131,94504727
1580,13685131,94504727
1738,13685131,94504727
587,13685131,94504727
628,13685131,94504727
1800,13685131,94504727
199,13685131,94504727
841,13685131,94504727
753,13685131,94504727
638,13685131,94504727
2573,13685131,94504727
1218,13685131,94504727
2222,13685131,94504727
301,13685131,94504727
755,13685131,94504727
518,13685131,94504727
1439,13685131,94504727
2005,13685131,94504727
1121,13685131,94504727
347,13685131,94504727
787,13685131,94504727
2667,13685131,94504727
2716,13685131,94504727
1220,13685131,94504727
795,13685131,94504727
2056,13685131,94504727
2246,13685131,94504727
1497,13685131,94504727
1152,13685131,94504727
732,13685131,94504727
2272,13685131,94504727
873,13685131,94504727
2554,13685131,94504727
1069,13685131,94504727
2157,13685131,94504727
2124,13685131,94504727
2351,13685131,94504727
2240,13685131,94504727
2706,13685131,94504727
1535,13685131,94504727
2645,13685131,94504727
174,13685131,94504727
1869,13685131,94504727
883,13685131,94504727
1374,13685131,94504727
2180,13685131,94504727
2037,13685131,94504727
1573,13685131,94504727
733,13685131,94504727
1089,13685131,94504727
828,13685131,94504727
1470,13685131,94504727
1563,13685131,94504727
904,13685131,94504727
1932,13685131,94504727
905,13685131,94504727
443,13685131,94504727
2501,13685131,94504727
2286,13685131,94504727
2214,13685131,94504727
689,13685131,94504727
2059,13685131,94504727
829,13685131,94504727
1841,13685131,94504727
1842,13685131,94504727
1965,13685131,94504727
1375,13685131,94504727
1120,13685131,94504727
302,13685131,94504727
2500,13685131,94504727
690,13685131,94504727
1746,13685131,94504727
830,13685131,94504727
752,13685131,94504727
794,13685131,94504727
759,13685131,94504727
2257,13685131,94504727
747,13685131,94504727
1537,13685131,94504727
2269,13685131,94504727
798,13685131,94504727
2526,13685131,94504727
1084,13685131,94504727
1448,13685131,94504727
1452,13685131,94504727
605,13685131,94504727
1843,13685131,94504727
1510,13685131,94504727
1076,13685131,94504727
810,13685131,94504727
1914,13685131,94504727
1785,13685131,94504727
996,13685131,94504727
574,13685131,94504727
415,13685131,94504727
693,13685131,94504727
2320,13685131,94504727
1751,13685131,94504727
1341,13685131,94504727
685,13685131,94504727
2187,13685131,94504727
818,13685131,94504727
731,13685131,94504727
2143,13685131,94504727
1269,13685131,94504727
629,13685131,94504727
676,13685131,94504727
2190,13685131,94504727
2191,13685131,94504727
2396,13685131,94504727
1613,13685131,94504727
1979,13685131,94504727
557,13685131,94504727
1208,13685131,94504727
2436,13685131,94504727
1926,13685131,94504727
680,13685131,94504727
692,13685131,94504727
1802,13685131,94504727
613,13685131,94504727
984,13685131,94504727
2509,13685131,94504727
1321,13685131,94504727
2127,13685131,94504727
1507,13685131,94504727
1377,13685131,94504727
1677,13685131,94504727
851,13685131,94504727
2448,13685131,94504727
2120,13685131,94504727
1726,13685131,94504727
743,13685131,94504727
2268,13685131,94504727
756,13685131,94504727
758,13685131,94504727
746,13685131,94504727
2734,13685131,94504727
2720,13685131,94504727
2722,13685131,94504727
1455,13685131,94504727
2325,13685131,94504727
1461,13685131,94504727
750,13685131,94504727
861,13685131,94504727
815,13685131,94504727
404,13685131,94504727
1138,13685131,94504727
2262,13685131,94504727
1666,13685131,94504727
392,13685131,94504727
1670,13685131,94504727
149,13685131,94504727
811,13685131,94504727
2371,13685131,94504727
1969,13685131,94504727
995,13685131,94504727
2661,13685131,94504727
2685,13685131,94504727
2687,13685131,94504727
686,13685131,94504727
748,13685131,94504727
801,13685131,94504727
2443,13685131,94504727
616,13685131,94504727
2389,13685131,94504727
1604,13685131,94504727
1601,13685131,94504727
923,13685131,94504727
2609,13685131,94504727
559,13685131,94504727
684,13685131,94504727
2134,13685131,94504727
622,13685131,94504727
2610,13685131,94504727
2441,13685131,94504727
2046,13685131,94504727
2332,13685131,94504727
1669,13685131,94504727
1668,13685131,94504727
1798,13685131,94504727
2378,13685131,94504727
2673,13685131,94504727
1391,13685131,94504727
553,13685131,94504727
620,13685131,94504727
2198,13685131,94504727
2517,13685131,94504727
814,13685131,94504727
674,13685131,94504727
673,13685131,94504727
813,13685131,94504727
751,13685131,94504727
922,13685131,94504727
394,13685131,94504727
792,13685131,94504727
1551,13685131,94504727
627,13685131,94504727
745,13685131,94504727
2528,13685131,94504727
766,13685131,94504727
1881,13685131,94504727
2275,13685131,94504727
1335,13685131,94504727
654,13685131,94504727
413,13685131,94504727
768,13685131,94504727
1960,13685131,94504727
266,13685131,94504727
1757,13685131,94504727
703,13685131,94504727
1410,13685131,94504727
695,13685131,94504727
888,13685131,94504727
509,13685131,94504727
1363,13685131,94504727
1928,13685131,94504727
1812,13685131,94504727
615,13685131,94504727
1255,13685131,94504727
1845,13685131,94504727
974,13685131,94504727
705,13685131,94504727
704,13685131,94504727
125,13685131,94504727
479,13685131,94504727
2454,13685131,94504727
2138,13685131,94504727
2297,13685131,94504727
687,13685131,94504727
915,13685131,94504727
2184,13685131,94504727
2437,13685131,94504727
1968,13685131,94504727
671,13685131,94504727
816,13685131,94504727
2391,13685131,94504727
2002,13685131,94504727
990,13685131,94504727
2292,13685131,94504727
1708,13685131,94504727
1667,13685131,94504727
1888,13685131,94504727
2315,13685131,94504727
2570,13685131,94504727
2571,13685131,94504727
1779,13685131,94504727
793,13685131,94504727
390,13685131,94504727
1216,13685131,94504727
636,13685131,94504727
765,13685131,94504727
1987,13685131,94504727
66,13685131,94504727
1993,13685131,94504727
1196,13685131,94504727
696,13685131,94504727
1653,13685131,94504727
1959,13685131,94504727
1748,13685131,94504727
799,13685131,94504727
573,13685131,94504727
414,13685131,94504727
908,13685131,94504727
1927,13685131,94504727
730,13685131,94504727
817,13685131,94504727
1844,13685131,94504727
1907,13685131,94504727
516,13685131,94504727
2397,13685131,94504727
1542,13685131,94504727
669,13685131,94504727
785,13685131,94504727
694,13685131,94504727
661,13685131,94504727
202,13685131,94504727
2177,13685131,94504727
2176,13685131,94504727
1820,13685131,94504727
1523,13685131,94504727
2027,13685131,94504727
881,13685131,94504727
895,13685131,94504727
656,13685131,94504727
1249,13685131,94504727
1319,13685131,94504727
2399,13685131,94504727
2556,13685131,94504727
2711,13685131,94504727
1508,13685131,94504727
907,13685131,94504727
1499,13685131,94504727
1280,13685131,94504727
1287,13685131,94504727
1126,13685131,94504727
454,13685131,94504727
480,13685131,94504727
2557,13685131,94504727
2559,13685131,94504727
831,13685131,94504727
728,13685131,94504727
1994,13685131,94504727
2145,13685131,94504727
1995,13685131,94504727
2595,13685131,94504727
2709,13685131,94504727
570,13685131,94504727
1157,13685131,94504727
2252,13685131,94504727
1903,13685131,94504727
1717,13685131,94504727
1684,13685131,94504727
2339,13685131,94504727
735,13685131,94504727
2304,13685131,94504727
2572,13685131,94504727
1946,13685131,94504727
1646,13685131,94504727
1486,13685131,94504727
786,13685131,94504727
2163,13685131,94504727
1657,13685131,94504727
1237,13685131,94504727
2424,13685131,94504727
1233,13685131,94504727
2281,13685131,94504727
1292,13685131,94504727
2538,13685131,94504727
494,13685131,94504727
770,13685131,94504727
958,13685131,94504727
701,13685131,94504727
2156,13685131,94504727
778,13685131,94504727
838,13685131,94504727
715,13685131,94504727
644,13685131,94504727
1875,13685131,94504727
1697,13685131,94504727
901,13685131,94504727
525,13685131,94504727
975,13685131,94504727
175,13685131,94504727
416,13685131,94504727
827,13685131,94504727
968,13685131,94504727
1597,13685131,94504727
1569,13685131,94504727
1818,13685131,94504727
1819,13685131,94504727
774,13685131,94504727
2696,13685131,94504727
1063,13685131,94504727
2012,13685131,94504727
1839,13685131,94504727
197,13685131,94504727
365,13685131,94504727
945,13685131,94504727
1630,13685131,94504727
946,13685131,94504727
773,13685131,94504727
1710,13685131,94504727
726,13685131,94504727
529,13685131,94504727
530,13685131,94504727
760,13685131,94504727
761,13685131,94504727
2223,13685131,94504727
419,13685131,94504727
2099,13685131,94504727
1895,13685131,94504727
1709,13685131,94504727
2216,13685131,94504727
576,13685131,94504727
586,13685131,94504727
2218,13685131,94504727
1690,13685131,94504727
2475,13685131,94504727
902,13685131,94504727
763,13685131,94504727
837,13685131,94504727
2172,13685131,94504727
647,13685131,94504727
1947,13685131,94504727
2013,13685131,94504727
2015,13685131,94504727
643,13685131,94504727
2167,13685131,94504727
957,13685131,94504727
769,13685131,94504727
2291,13685131,94504727
2537,13685131,94504727
1882,13685131,94504727
524,13685131,94504727
1409,13685131,94504727
839,13685131,94504727
1627,13685131,94504727
714,13685131,94504727
645,13685131,94504727
777,13685131,94504727
1487,13685131,94504727
1589,13685131,94504727
717,13685131,94504727
718,13685131,94504727
1298,13685131,94504727
1831,13685131,94504727
2688,13685131,94504727
1827,13685131,94504727
1423,13685131,94504727
2021,13685131,94504727
1105,13685131,94504727
1886,13685131,94504727
2106,13685131,94504727
319,13685131,94504727
771,13685131,94504727
780,13685131,94504727
2417,13685131,94504727
642,13685131,94504727
2010,13685131,94504727
374,13685131,94504727
1880,13685131,94504727
2364,13685131,94504727
967,13685131,94504727
966,13685131,94504727
2631,13685131,94504727
1949,13685131,94504727
373,13685131,94504727
